description,category
UPI/DR/SWIGGY INDIA/IMPS29384728,Food
SBI/UPI/DR/SWIGGY INDIA,Food
NACH/UPI/DR/SWIGGY INDIA,Food
ICICI/05JUL25/UPI/DR/SWIGGY INDIA,Food
upi/dr/swiggy india,Food
UPI/DR/429384729/UPI/DR/SWIGGY INDIA,Food
UPI/DR/SWIGGY INDIA,Food
UPI/CR/839472038/UPI/DR/SWIGGY INDIA,Food
05JUL25/UPI/DR/SWIGGY INDIA,Food
UPI/DR/SWIGGY*INDIA,Food
HDFC/UPI/DR/SWIGGY INDIA,Food
UPI/DR/SWIGGY INDIA/TXN834729834,Food
NEFT/UPI-ZOMATO-FOOD,Food
UPI/CR/839472038/UPI-ZOMATO-FOOD,Food
HDFC/UPI-ZOMATO-FOOD,Food
05JUL25/UPI-ZOMATO-FOOD,Food
upi-zomato-food,Food
UPI-ZOMATO-FOOD,Food
ICICI/05JUL25/UPI-ZOMATO-FOOD,Food
UPI-ZOMATO-FOOD/IMPS29384728,Food
SBI/UPI-ZOMATO-FOOD,Food
UPI-ZOMATO-FOOD/TXN834729834,Food
UPI/DR/429384729/UPI-ZOMATO-FOOD,Food
ICICI/05JUL25/ZOMATOPAY*ORDER,Food
UPI/CR/839472038/ZOMATOPAY*ORDER,Food
ZOMATOPAY*ORDER/IMPS29384728,Food
NACH/ZOMATOPAY*ORDER,Food
UPI/DR/429384729/ZOMATOPAY*ORDER,Food
SBI/ZOMATOPAY*ORDER,Food
ZOMATOPAY*ORDER/TXN834729834,Food
HDFC/ZOMATOPAY*ORDER,Food
ZOMATOPAY*ORDER,Food
zomatopay*order,Food
05JUL25/ZOMATOPAY*ORDER,Food
UPI/DR/429384729/UPI/DR/BLINKIT,Food
UPI/CR/839472038/UPI/DR/BLINKIT,Food
UPI/DR/BLINKIT/IMPS29384728,Food
SBI/UPI/DR/BLINKIT,Food
ICICI/20JUN25/UPI/DR/BLINKIT,Food
UPI/DR/BLINKIT,Food
20JUN25/UPI/DR/BLINKIT,Food
upi/dr/blinkit,Food
HDFC/UPI/DR/BLINKIT,Food
UPI/DR/BLINKIT/TXN834729834,Food
ACH/UPI/DR/BLINKIT,Food
ZEPTO DELIVERY/TXN834729834,Food
ECS/ZEPTO DELIVERY,Food
zepto delivery,Food
UPI/CR/839472038/ZEPTO DELIVERY,Food
ZEPTO*DELIVERY,Food
ZEPTO DELIVERY/IMPS29384728,Food
ZEPTO DELIVERY,Food
HDFC/ZEPTO DELIVERY,Food
15FEB25/ZEPTO DELIVERY,Food
UPI/DR/429384729/ZEPTO DELIVERY,Food
SBI/ZEPTO DELIVERY,Food
ICICI/15FEB25/ZEPTO DELIVERY,Food
BIGBASKET ORDER/TXN834729834,Food
HDFC/BIGBASKET ORDER,Food
05JUL25/BIGBASKET ORDER,Food
ICICI/05JUL25/BIGBASKET ORDER,Food
bigbasket order,Food
UPI/DR/429384729/BIGBASKET ORDER,Food
SBI/BIGBASKET ORDER,Food
NACH/BIGBASKET ORDER,Food
BIGBASKET ORDER,Food
UPI/CR/839472038/BIGBASKET ORDER,Food
BIGBASKET ORDER/IMPS29384728,Food
BIGBASKET*ORDER,Food
DUNZO DAILY/TXN834729834,Food
10MAY25/DUNZO DAILY,Food
SBI/DUNZO DAILY,Food
dunzo daily,Food
UPI/CR/839472038/DUNZO DAILY,Food
ICICI/10MAY25/DUNZO DAILY,Food
DUNZO*DAILY,Food
DUNZO DAILY/IMPS29384728,Food
HDFC/DUNZO DAILY,Food
UPI/DR/429384729/DUNZO DAILY,Food
DUNZO DAILY,Food
ACH/DUNZO DAILY,Food
15FEB25/INSTAMART SWIGGY,Food
INSTAMART SWIGGY,Food
HDFC/INSTAMART SWIGGY,Food
INSTAMART SWIGGY/TXN834729834,Food
ICICI/15FEB25/INSTAMART SWIGGY,Food
instamart swiggy,Food
UPI/DR/429384729/INSTAMART SWIGGY,Food
INSTAMART SWIGGY/IMPS29384728,Food
SBI/INSTAMART SWIGGY,Food
UPI/CR/839472038/INSTAMART SWIGGY,Food
NACH/INSTAMART SWIGGY,Food
INSTAMART*SWIGGY,Food
HDFC/UPI/GROFERS/PAYMENT,Food
SBI/UPI/GROFERS/PAYMENT,Food
UPI/GROFERS/PAYMENT/TXN834729834,Food
upi/grofers/payment,Food
UPI/DR/429384729/UPI/GROFERS/PAYMENT,Food
UPI/CR/839472038/UPI/GROFERS/PAYMENT,Food
NACH/UPI/GROFERS/PAYMENT,Food
20JUN25/UPI/GROFERS/PAYMENT,Food
ICICI/20JUN25/UPI/GROFERS/PAYMENT,Food
UPI/GROFERS/PAYMENT/IMPS29384728,Food
UPI/GROFERS/PAYMENT,Food
HDFC/POS/MCDONALDS INDIA,Food
SBI/POS/MCDONALDS INDIA,Food
UPI/DR/429384729/POS/MCDONALDS INDIA,Food
POS/MCDONALDS*INDIA,Food
UPI/CR/839472038/POS/MCDONALDS INDIA,Food
10MAY25/POS/MCDONALDS INDIA,Food
POS/MCDONALDS INDIA/TXN834729834,Food
POS/MCDONALDS INDIA/IMPS29384728,Food
POS/MCDONALDS INDIA,Food
NEFT/POS/MCDONALDS INDIA,Food
pos/mcdonalds india,Food
ICICI/10MAY25/POS/MCDONALDS INDIA,Food
HDFC/POS/DOMINOS PIZZA,Food
NEFT/POS/DOMINOS PIZZA,Food
POS/DOMINOS PIZZA,Food
08JAN25/POS/DOMINOS PIZZA,Food
SBI/POS/DOMINOS PIZZA,Food
pos/dominos pizza,Food
POS/DOMINOS PIZZA/IMPS29384728,Food
POS/DOMINOS*PIZZA,Food
ICICI/08JAN25/POS/DOMINOS PIZZA,Food
UPI/CR/839472038/POS/DOMINOS PIZZA,Food
UPI/DR/429384729/POS/DOMINOS PIZZA,Food
POS/DOMINOS PIZZA/TXN834729834,Food
SBI/POS/KFC INDIA,Food
ICICI/22MAR25/POS/KFC INDIA,Food
22MAR25/POS/KFC INDIA,Food
UPI/DR/429384729/POS/KFC INDIA,Food
POS/KFC INDIA,Food
UPI/CR/839472038/POS/KFC INDIA,Food
POS/KFC*INDIA,Food
ECS/POS/KFC INDIA,Food
POS/KFC INDIA/TXN834729834,Food
HDFC/POS/KFC INDIA,Food
pos/kfc india,Food
POS/KFC INDIA/IMPS29384728,Food
POS/BURGER KING,Food
05JUL25/POS/BURGER KING,Food
UPI/DR/429384729/POS/BURGER KING,Food
POS/BURGER KING/TXN834729834,Food
pos/burger king,Food
ICICI/05JUL25/POS/BURGER KING,Food
SBI/POS/BURGER KING,Food
UPI/CR/839472038/POS/BURGER KING,Food
POS/BURGER*KING,Food
ECS/POS/BURGER KING,Food
HDFC/POS/BURGER KING,Food
POS/BURGER KING/IMPS29384728,Food
POS/SUBWAY INDIA/TXN834729834,Food
ACH/POS/SUBWAY INDIA,Food
POS/SUBWAY*INDIA,Food
SBI/POS/SUBWAY INDIA,Food
POS/SUBWAY INDIA/IMPS29384728,Food
15FEB25/POS/SUBWAY INDIA,Food
UPI/CR/839472038/POS/SUBWAY INDIA,Food
HDFC/POS/SUBWAY INDIA,Food
ICICI/15FEB25/POS/SUBWAY INDIA,Food
UPI/DR/429384729/POS/SUBWAY INDIA,Food
pos/subway india,Food
POS/SUBWAY INDIA,Food
ECS/POS/PIZZA HUT,Food
HDFC/POS/PIZZA HUT,Food
UPI/DR/429384729/POS/PIZZA HUT,Food
22MAR25/POS/PIZZA HUT,Food
UPI/CR/839472038/POS/PIZZA HUT,Food
POS/PIZZA HUT/IMPS29384728,Food
POS/PIZZA HUT/TXN834729834,Food
POS/PIZZA*HUT,Food
SBI/POS/PIZZA HUT,Food
POS/PIZZA HUT,Food
pos/pizza hut,Food
ICICI/22MAR25/POS/PIZZA HUT,Food
HDFC/POS/STARBUCKS,Food
POS/STARBUCKS/TXN834729834,Food
IMPS/POS/STARBUCKS,Food
pos/starbucks,Food
UPI/DR/429384729/POS/STARBUCKS,Food
SBI/POS/STARBUCKS,Food
POS/STARBUCKS/IMPS29384728,Food
ICICI/22MAR25/POS/STARBUCKS,Food
UPI/CR/839472038/POS/STARBUCKS,Food
22MAR25/POS/STARBUCKS,Food
POS/STARBUCKS,Food
HDFC/POS/CAFE COFFEE DAY,Food
ICICI/10MAY25/POS/CAFE COFFEE DAY,Food
ACH/POS/CAFE COFFEE DAY,Food
UPI/DR/429384729/POS/CAFE COFFEE DAY,Food
UPI/CR/839472038/POS/CAFE COFFEE DAY,Food
POS/CAFE COFFEE DAY,Food
POS/CAFE COFFEE DAY/IMPS29384728,Food
10MAY25/POS/CAFE COFFEE DAY,Food
POS/CAFE*COFFEE*DAY,Food
SBI/POS/CAFE COFFEE DAY,Food
pos/cafe coffee day,Food
POS/CAFE COFFEE DAY/TXN834729834,Food
CHAI POINT UPI/TXN834729834,Food
CHAI POINT UPI/IMPS29384728,Food
chai point upi,Food
CHAI POINT UPI,Food
UPI/CR/839472038/CHAI POINT UPI,Food
ICICI/01APR25/CHAI POINT UPI,Food
SBI/CHAI POINT UPI,Food
CHAI*POINT*UPI,Food
HDFC/CHAI POINT UPI,Food
01APR25/CHAI POINT UPI,Food
ECS/CHAI POINT UPI,Food
UPI/DR/429384729/CHAI POINT UPI,Food
ICICI/08JAN25/UPI/KIRANA STORE,Food
HDFC/UPI/KIRANA STORE,Food
UPI/KIRANA STORE/TXN834729834,Food
NEFT/UPI/KIRANA STORE,Food
UPI/KIRANA STORE/IMPS29384728,Food
upi/kirana store,Food
UPI/DR/429384729/UPI/KIRANA STORE,Food
08JAN25/UPI/KIRANA STORE,Food
SBI/UPI/KIRANA STORE,Food
UPI/KIRANA*STORE,Food
UPI/CR/839472038/UPI/KIRANA STORE,Food
UPI/KIRANA STORE,Food
NEFT/GROCERY*SHOP,Food
NEFT/GROCERY SHOP/IMPS29384728,Food
HDFC/NEFT/GROCERY SHOP,Food
ICICI/10MAY25/NEFT/GROCERY SHOP,Food
neft/grocery shop,Food
NEFT/GROCERY SHOP,Food
UPI/CR/839472038/NEFT/GROCERY SHOP,Food
UPI/DR/429384729/NEFT/GROCERY SHOP,Food
SBI/NEFT/GROCERY SHOP,Food
ECS/NEFT/GROCERY SHOP,Food
10MAY25/NEFT/GROCERY SHOP,Food
NEFT/GROCERY SHOP/TXN834729834,Food
UPI/VEGETABLE MARKET,Food
SBI/UPI/VEGETABLE MARKET,Food
UPI/VEGETABLE MARKET/TXN834729834,Food
upi/vegetable market,Food
UPI/CR/839472038/UPI/VEGETABLE MARKET,Food
ECS/UPI/VEGETABLE MARKET,Food
ICICI/15FEB25/UPI/VEGETABLE MARKET,Food
HDFC/UPI/VEGETABLE MARKET,Food
15FEB25/UPI/VEGETABLE MARKET,Food
UPI/VEGETABLE MARKET/IMPS29384728,Food
UPI/DR/429384729/UPI/VEGETABLE MARKET,Food
UPI/VEGETABLE*MARKET,Food
MILK DAIRY UPI,Food
milk dairy upi,Food
ICICI/05JUL25/MILK DAIRY UPI,Food
NEFT/MILK DAIRY UPI,Food
UPI/DR/429384729/MILK DAIRY UPI,Food
MILK*DAIRY*UPI,Food
SBI/MILK DAIRY UPI,Food
UPI/CR/839472038/MILK DAIRY UPI,Food
HDFC/MILK DAIRY UPI,Food
MILK DAIRY UPI/TXN834729834,Food
05JUL25/MILK DAIRY UPI,Food
MILK DAIRY UPI/IMPS29384728,Food
HDFC/LOCAL BAKERY POS,Food
LOCAL BAKERY POS/IMPS29384728,Food
UPI/DR/429384729/LOCAL BAKERY POS,Food
ICICI/15FEB25/LOCAL BAKERY POS,Food
ECS/LOCAL BAKERY POS,Food
LOCAL BAKERY POS,Food
UPI/CR/839472038/LOCAL BAKERY POS,Food
15FEB25/LOCAL BAKERY POS,Food
SBI/LOCAL BAKERY POS,Food
LOCAL*BAKERY*POS,Food
local bakery pos,Food
LOCAL BAKERY POS/TXN834729834,Food
HDFC/AMAZON FRESH ORDER,Food
AMAZON*FRESH*ORDER,Food
IMPS/AMAZON FRESH ORDER,Food
ICICI/10MAY25/AMAZON FRESH ORDER,Food
SBI/AMAZON FRESH ORDER,Food
AMAZON FRESH ORDER/IMPS29384728,Food
AMAZON FRESH ORDER/TXN834729834,Food
UPI/CR/839472038/AMAZON FRESH ORDER,Food
UPI/DR/429384729/AMAZON FRESH ORDER,Food
10MAY25/AMAZON FRESH ORDER,Food
amazon fresh order,Food
AMAZON FRESH ORDER,Food
FLIPKART*GROCERY,Food
FLIPKART GROCERY/TXN834729834,Food
FLIPKART GROCERY,Food
UPI/DR/429384729/FLIPKART GROCERY,Food
FLIPKART GROCERY/IMPS29384728,Food
NACH/FLIPKART GROCERY,Food
HDFC/FLIPKART GROCERY,Food
22MAR25/FLIPKART GROCERY,Food
flipkart grocery,Food
UPI/CR/839472038/FLIPKART GROCERY,Food
ICICI/22MAR25/FLIPKART GROCERY,Food
SBI/FLIPKART GROCERY,Food
08JAN25/SWIGGY INSTAMART,Food
HDFC/SWIGGY INSTAMART,Food
swiggy instamart,Food
SWIGGY INSTAMART/TXN834729834,Food
UPI/DR/429384729/SWIGGY INSTAMART,Food
SWIGGY*INSTAMART,Food
SBI/SWIGGY INSTAMART,Food
UPI/CR/839472038/SWIGGY INSTAMART,Food
SWIGGY INSTAMART/IMPS29384728,Food
NACH/SWIGGY INSTAMART,Food
SWIGGY INSTAMART,Food
ICICI/08JAN25/SWIGGY INSTAMART,Food
NATURE BASKET/TXN834729834,Food
ECS/NATURE BASKET,Food
NATURE*BASKET,Food
UPI/DR/429384729/NATURE BASKET,Food
nature basket,Food
NATURE BASKET,Food
UPI/CR/839472038/NATURE BASKET,Food
SBI/NATURE BASKET,Food
ICICI/22MAR25/NATURE BASKET,Food
22MAR25/NATURE BASKET,Food
NATURE BASKET/IMPS29384728,Food
HDFC/NATURE BASKET,Food
10MAY25/LICIOUS MEAT,Food
LICIOUS*MEAT,Food
UPI/CR/839472038/LICIOUS MEAT,Food
LICIOUS MEAT/TXN834729834,Food
HDFC/LICIOUS MEAT,Food
UPI/DR/429384729/LICIOUS MEAT,Food
NACH/LICIOUS MEAT,Food
ICICI/10MAY25/LICIOUS MEAT,Food
LICIOUS MEAT,Food
LICIOUS MEAT/IMPS29384728,Food
licious meat,Food
SBI/LICIOUS MEAT,Food
OLA*CABS*PAYMENT,Travel
ola cabs payment,Travel
15FEB25/OLA CABS PAYMENT,Travel
NEFT/OLA CABS PAYMENT,Travel
SBI/OLA CABS PAYMENT,Travel
ICICI/15FEB25/OLA CABS PAYMENT,Travel
UPI/CR/839472038/OLA CABS PAYMENT,Travel
OLA CABS PAYMENT/IMPS29384728,Travel
OLA CABS PAYMENT,Travel
UPI/DR/429384729/OLA CABS PAYMENT,Travel
HDFC/OLA CABS PAYMENT,Travel
OLA CABS PAYMENT/TXN834729834,Travel
UPI/OLA*ELECTRIC,Travel
upi/ola*electric,Travel
NACH/UPI/OLA*ELECTRIC,Travel
UPI/OLA*ELECTRIC/TXN834729834,Travel
HDFC/UPI/OLA*ELECTRIC,Travel
SBI/UPI/OLA*ELECTRIC,Travel
ICICI/01APR25/UPI/OLA*ELECTRIC,Travel
01APR25/UPI/OLA*ELECTRIC,Travel
UPI/DR/429384729/UPI/OLA*ELECTRIC,Travel
UPI/OLA*ELECTRIC/IMPS29384728,Travel
UPI/CR/839472038/UPI/OLA*ELECTRIC,Travel
UBER INDIA TRIP/TXN834729834,Travel
UPI/DR/429384729/UBER INDIA TRIP,Travel
SBI/UBER INDIA TRIP,Travel
ACH/UBER INDIA TRIP,Travel
ICICI/05JUL25/UBER INDIA TRIP,Travel
UBER INDIA TRIP,Travel
HDFC/UBER INDIA TRIP,Travel
UBER INDIA TRIP/IMPS29384728,Travel
UBER*INDIA*TRIP,Travel
uber india trip,Travel
UPI/CR/839472038/UBER INDIA TRIP,Travel
05JUL25/UBER INDIA TRIP,Travel
RAPIDO BIKE TAXI/IMPS29384728,Travel
RAPIDO BIKE TAXI/TXN834729834,Travel
10MAY25/RAPIDO BIKE TAXI,Travel
NEFT/RAPIDO BIKE TAXI,Travel
SBI/RAPIDO BIKE TAXI,Travel
RAPIDO*BIKE*TAXI,Travel
UPI/DR/429384729/RAPIDO BIKE TAXI,Travel
RAPIDO BIKE TAXI,Travel
UPI/CR/839472038/RAPIDO BIKE TAXI,Travel
HDFC/RAPIDO BIKE TAXI,Travel
ICICI/10MAY25/RAPIDO BIKE TAXI,Travel
rapido bike taxi,Travel
HDFC/NAMMA YATRI UPI,Travel
NAMMA YATRI UPI/TXN834729834,Travel
ICICI/05JUL25/NAMMA YATRI UPI,Travel
NAMMA YATRI UPI,Travel
namma yatri upi,Travel
IMPS/NAMMA YATRI UPI,Travel
NAMMA YATRI UPI/IMPS29384728,Travel
UPI/DR/429384729/NAMMA YATRI UPI,Travel
NAMMA*YATRI*UPI,Travel
05JUL25/NAMMA YATRI UPI,Travel
UPI/CR/839472038/NAMMA YATRI UPI,Travel
SBI/NAMMA YATRI UPI,Travel
INDRIVE PAYMENT,Travel
UPI/CR/839472038/INDRIVE PAYMENT,Travel
HDFC/INDRIVE PAYMENT,Travel
INDRIVE*PAYMENT,Travel
ICICI/20JUN25/INDRIVE PAYMENT,Travel
INDRIVE PAYMENT/IMPS29384728,Travel
SBI/INDRIVE PAYMENT,Travel
20JUN25/INDRIVE PAYMENT,Travel
INDRIVE PAYMENT/TXN834729834,Travel
ECS/INDRIVE PAYMENT,Travel
UPI/DR/429384729/INDRIVE PAYMENT,Travel
indrive payment,Travel
UPI/CR/839472038/NAMMA METRO RECHARGE,Travel
NAMMA METRO RECHARGE/TXN834729834,Travel
HDFC/NAMMA METRO RECHARGE,Travel
SBI/NAMMA METRO RECHARGE,Travel
UPI/DR/429384729/NAMMA METRO RECHARGE,Travel
NAMMA METRO RECHARGE/IMPS29384728,Travel
NAMMA*METRO*RECHARGE,Travel
namma metro recharge,Travel
20JUN25/NAMMA METRO RECHARGE,Travel
NACH/NAMMA METRO RECHARGE,Travel
ICICI/20JUN25/NAMMA METRO RECHARGE,Travel
NAMMA METRO RECHARGE,Travel
DMRC CARD RECHARGE,Travel
DMRC CARD RECHARGE/TXN834729834,Travel
DMRC*CARD*RECHARGE,Travel
SBI/DMRC CARD RECHARGE,Travel
dmrc card recharge,Travel
05JUL25/DMRC CARD RECHARGE,Travel
IMPS/DMRC CARD RECHARGE,Travel
ICICI/05JUL25/DMRC CARD RECHARGE,Travel
UPI/DR/429384729/DMRC CARD RECHARGE,Travel
HDFC/DMRC CARD RECHARGE,Travel
UPI/CR/839472038/DMRC CARD RECHARGE,Travel
DMRC CARD RECHARGE/IMPS29384728,Travel
HDFC/BMTC BUS PASS,Travel
BMTC BUS PASS/TXN834729834,Travel
BMTC BUS PASS/IMPS29384728,Travel
ECS/BMTC BUS PASS,Travel
ICICI/01APR25/BMTC BUS PASS,Travel
BMTC*BUS*PASS,Travel
SBI/BMTC BUS PASS,Travel
UPI/DR/429384729/BMTC BUS PASS,Travel
UPI/CR/839472038/BMTC BUS PASS,Travel
BMTC BUS PASS,Travel
01APR25/BMTC BUS PASS,Travel
bmtc bus pass,Travel
APSRTC*TICKET,Travel
apsrtc ticket,Travel
UPI/CR/839472038/APSRTC TICKET,Travel
08JAN25/APSRTC TICKET,Travel
SBI/APSRTC TICKET,Travel
APSRTC TICKET/TXN834729834,Travel
ICICI/08JAN25/APSRTC TICKET,Travel
HDFC/APSRTC TICKET,Travel
APSRTC TICKET,Travel
APSRTC TICKET/IMPS29384728,Travel
UPI/DR/429384729/APSRTC TICKET,Travel
ECS/APSRTC TICKET,Travel
UPI/DR/429384729/KSRTC BUS BOOKING,Travel
IMPS/KSRTC BUS BOOKING,Travel
KSRTC BUS BOOKING/TXN834729834,Travel
SBI/KSRTC BUS BOOKING,Travel
KSRTC BUS BOOKING/IMPS29384728,Travel
KSRTC BUS BOOKING,Travel
10MAY25/KSRTC BUS BOOKING,Travel
ksrtc bus booking,Travel
UPI/CR/839472038/KSRTC BUS BOOKING,Travel
HDFC/KSRTC BUS BOOKING,Travel
ICICI/10MAY25/KSRTC BUS BOOKING,Travel
KSRTC*BUS*BOOKING,Travel
IRCTC TICKET BOOKING/IMPS29384728,Travel
UPI/CR/839472038/IRCTC TICKET BOOKING,Travel
22MAR25/IRCTC TICKET BOOKING,Travel
ICICI/22MAR25/IRCTC TICKET BOOKING,Travel
IRCTC TICKET BOOKING,Travel
irctc ticket booking,Travel
IRCTC TICKET BOOKING/TXN834729834,Travel
IRCTC*TICKET*BOOKING,Travel
NACH/IRCTC TICKET BOOKING,Travel
SBI/IRCTC TICKET BOOKING,Travel
UPI/DR/429384729/IRCTC TICKET BOOKING,Travel
HDFC/IRCTC TICKET BOOKING,Travel
MAKEMYTRIP FLIGHT/TXN834729834,Travel
MAKEMYTRIP*FLIGHT,Travel
ECS/MAKEMYTRIP FLIGHT,Travel
makemytrip flight,Travel
UPI/DR/429384729/MAKEMYTRIP FLIGHT,Travel
HDFC/MAKEMYTRIP FLIGHT,Travel
ICICI/05JUL25/MAKEMYTRIP FLIGHT,Travel
SBI/MAKEMYTRIP FLIGHT,Travel
UPI/CR/839472038/MAKEMYTRIP FLIGHT,Travel
MAKEMYTRIP FLIGHT,Travel
05JUL25/MAKEMYTRIP FLIGHT,Travel
MAKEMYTRIP FLIGHT/IMPS29384728,Travel
ICICI/01APR25/CLEARTRIP BOOKING,Travel
HDFC/CLEARTRIP BOOKING,Travel
cleartrip booking,Travel
CLEARTRIP*BOOKING,Travel
ACH/CLEARTRIP BOOKING,Travel
UPI/CR/839472038/CLEARTRIP BOOKING,Travel
SBI/CLEARTRIP BOOKING,Travel
CLEARTRIP BOOKING/TXN834729834,Travel
CLEARTRIP BOOKING,Travel
UPI/DR/429384729/CLEARTRIP BOOKING,Travel
01APR25/CLEARTRIP BOOKING,Travel
CLEARTRIP BOOKING/IMPS29384728,Travel
YATRA TICKET/TXN834729834,Travel
HDFC/YATRA TICKET,Travel
05JUL25/YATRA TICKET,Travel
YATRA*TICKET,Travel
yatra ticket,Travel
SBI/YATRA TICKET,Travel
YATRA TICKET,Travel
UPI/CR/839472038/YATRA TICKET,Travel
IMPS/YATRA TICKET,Travel
YATRA TICKET/IMPS29384728,Travel
ICICI/05JUL25/YATRA TICKET,Travel
UPI/DR/429384729/YATRA TICKET,Travel
GOIBIBO*FLIGHT,Travel
GOIBIBO FLIGHT/IMPS29384728,Travel
NACH/GOIBIBO FLIGHT,Travel
HDFC/GOIBIBO FLIGHT,Travel
SBI/GOIBIBO FLIGHT,Travel
ICICI/15FEB25/GOIBIBO FLIGHT,Travel
UPI/CR/839472038/GOIBIBO FLIGHT,Travel
GOIBIBO FLIGHT/TXN834729834,Travel
15FEB25/GOIBIBO FLIGHT,Travel
GOIBIBO FLIGHT,Travel
UPI/DR/429384729/GOIBIBO FLIGHT,Travel
goibibo flight,Travel
10MAY25/INDIGO AIRLINES,Travel
INDIGO AIRLINES/IMPS29384728,Travel
INDIGO*AIRLINES,Travel
INDIGO AIRLINES/TXN834729834,Travel
UPI/DR/429384729/INDIGO AIRLINES,Travel
HDFC/INDIGO AIRLINES,Travel
SBI/INDIGO AIRLINES,Travel
UPI/CR/839472038/INDIGO AIRLINES,Travel
ACH/INDIGO AIRLINES,Travel
ICICI/10MAY25/INDIGO AIRLINES,Travel
indigo airlines,Travel
INDIGO AIRLINES,Travel
AIR INDIA BOOKING/IMPS29384728,Travel
UPI/CR/839472038/AIR INDIA BOOKING,Travel
01APR25/AIR INDIA BOOKING,Travel
AIR INDIA BOOKING,Travel
UPI/DR/429384729/AIR INDIA BOOKING,Travel
ICICI/01APR25/AIR INDIA BOOKING,Travel
AIR INDIA BOOKING/TXN834729834,Travel
SBI/AIR INDIA BOOKING,Travel
HDFC/AIR INDIA BOOKING,Travel
NEFT/AIR INDIA BOOKING,Travel
AIR*INDIA*BOOKING,Travel
air india booking,Travel
spicejet ticket,Travel
22MAR25/SPICEJET TICKET,Travel
NEFT/SPICEJET TICKET,Travel
SPICEJET TICKET/IMPS29384728,Travel
UPI/DR/429384729/SPICEJET TICKET,Travel
ICICI/22MAR25/SPICEJET TICKET,Travel
SPICEJET*TICKET,Travel
UPI/CR/839472038/SPICEJET TICKET,Travel
HDFC/SPICEJET TICKET,Travel
SBI/SPICEJET TICKET,Travel
SPICEJET TICKET/TXN834729834,Travel
SPICEJET TICKET,Travel
22MAR25/AKASA AIR,Travel
UPI/DR/429384729/AKASA AIR,Travel
ICICI/22MAR25/AKASA AIR,Travel
UPI/CR/839472038/AKASA AIR,Travel
HDFC/AKASA AIR,Travel
IMPS/AKASA AIR,Travel
AKASA AIR/TXN834729834,Travel
AKASA AIR,Travel
AKASA AIR/IMPS29384728,Travel
SBI/AKASA AIR,Travel
AKASA*AIR,Travel
akasa air,Travel
petrol pump ioc,Travel
PETROL*PUMP*IOC,Travel
SBI/PETROL PUMP IOC,Travel
ICICI/05JUL25/PETROL PUMP IOC,Travel
PETROL PUMP IOC/TXN834729834,Travel
05JUL25/PETROL PUMP IOC,Travel
HDFC/PETROL PUMP IOC,Travel
UPI/DR/429384729/PETROL PUMP IOC,Travel
PETROL PUMP IOC/IMPS29384728,Travel
PETROL PUMP IOC,Travel
UPI/CR/839472038/PETROL PUMP IOC,Travel
NEFT/PETROL PUMP IOC,Travel
BHARAT*PETROLEUM*POS,Travel
ICICI/20JUN25/BHARAT PETROLEUM POS,Travel
BHARAT PETROLEUM POS,Travel
bharat petroleum pos,Travel
BHARAT PETROLEUM POS/IMPS29384728,Travel
SBI/BHARAT PETROLEUM POS,Travel
HDFC/BHARAT PETROLEUM POS,Travel
BHARAT PETROLEUM POS/TXN834729834,Travel
UPI/CR/839472038/BHARAT PETROLEUM POS,Travel
UPI/DR/429384729/BHARAT PETROLEUM POS,Travel
20JUN25/BHARAT PETROLEUM POS,Travel
ECS/BHARAT PETROLEUM POS,Travel
IMPS/HP GAS STATION,Travel
01APR25/HP GAS STATION,Travel
ICICI/01APR25/HP GAS STATION,Travel
UPI/DR/429384729/HP GAS STATION,Travel
HDFC/HP GAS STATION,Travel
hp gas station,Travel
HP GAS STATION,Travel
HP*GAS*STATION,Travel
HP GAS STATION/IMPS29384728,Travel
SBI/HP GAS STATION,Travel
UPI/CR/839472038/HP GAS STATION,Travel
HP GAS STATION/TXN834729834,Travel
UPI/CR/839472038/FASTTAG RECHARGE HDFC,Travel
FASTTAG RECHARGE HDFC/IMPS29384728,Travel
IMPS/FASTTAG RECHARGE HDFC,Travel
ICICI/15FEB25/FASTTAG RECHARGE HDFC,Travel
UPI/DR/429384729/FASTTAG RECHARGE HDFC,Travel
FASTTAG RECHARGE HDFC/TXN834729834,Travel
15FEB25/FASTTAG RECHARGE HDFC,Travel
fasttag recharge hdfc,Travel
FASTTAG RECHARGE HDFC,Travel
HDFC/FASTTAG RECHARGE HDFC,Travel
SBI/FASTTAG RECHARGE HDFC,Travel
FASTTAG*RECHARGE*HDFC,Travel
FASTAG*WALLET*ICICI,Travel
ICICI/20JUN25/FASTAG WALLET ICICI,Travel
fastag wallet icici,Travel
FASTAG WALLET ICICI/IMPS29384728,Travel
HDFC/FASTAG WALLET ICICI,Travel
FASTAG WALLET ICICI/TXN834729834,Travel
SBI/FASTAG WALLET ICICI,Travel
UPI/CR/839472038/FASTAG WALLET ICICI,Travel
20JUN25/FASTAG WALLET ICICI,Travel
UPI/DR/429384729/FASTAG WALLET ICICI,Travel
ACH/FASTAG WALLET ICICI,Travel
FASTAG WALLET ICICI,Travel
nhai toll,Travel
NHAI TOLL,Travel
SBI/NHAI TOLL,Travel
UPI/DR/429384729/NHAI TOLL,Travel
NHAI TOLL/TXN834729834,Travel
UPI/CR/839472038/NHAI TOLL,Travel
NHAI*TOLL,Travel
20JUN25/NHAI TOLL,Travel
ACH/NHAI TOLL,Travel
ICICI/20JUN25/NHAI TOLL,Travel
HDFC/NHAI TOLL,Travel
NHAI TOLL/IMPS29384728,Travel
REDBUS TICKET/IMPS29384728,Travel
UPI/CR/839472038/REDBUS TICKET,Travel
redbus ticket,Travel
REDBUS*TICKET,Travel
22MAR25/REDBUS TICKET,Travel
UPI/DR/429384729/REDBUS TICKET,Travel
HDFC/REDBUS TICKET,Travel
SBI/REDBUS TICKET,Travel
REDBUS TICKET,Travel
ICICI/22MAR25/REDBUS TICKET,Travel
REDBUS TICKET/TXN834729834,Travel
NEFT/REDBUS TICKET,Travel
ABHIBUS BOOKING/IMPS29384728,Travel
HDFC/ABHIBUS BOOKING,Travel
ABHIBUS BOOKING/TXN834729834,Travel
ICICI/15FEB25/ABHIBUS BOOKING,Travel
UPI/DR/429384729/ABHIBUS BOOKING,Travel
abhibus booking,Travel
ABHIBUS*BOOKING,Travel
ACH/ABHIBUS BOOKING,Travel
15FEB25/ABHIBUS BOOKING,Travel
SBI/ABHIBUS BOOKING,Travel
ABHIBUS BOOKING,Travel
UPI/CR/839472038/ABHIBUS BOOKING,Travel
AMAZON PAY ORDER/IMPS29384728,Shopping
AMAZON*PAY*ORDER,Shopping
HDFC/AMAZON PAY ORDER,Shopping
AMAZON PAY ORDER,Shopping
05JUL25/AMAZON PAY ORDER,Shopping
ICICI/05JUL25/AMAZON PAY ORDER,Shopping
SBI/AMAZON PAY ORDER,Shopping
IMPS/AMAZON PAY ORDER,Shopping
amazon pay order,Shopping
AMAZON PAY ORDER/TXN834729834,Shopping
UPI/CR/839472038/AMAZON PAY ORDER,Shopping
UPI/DR/429384729/AMAZON PAY ORDER,Shopping
FLIPKART PAYMENT/TXN834729834,Shopping
HDFC/FLIPKART PAYMENT,Shopping
FLIPKART*PAYMENT,Shopping
FLIPKART PAYMENT/IMPS29384728,Shopping
flipkart payment,Shopping
22MAR25/FLIPKART PAYMENT,Shopping
NEFT/FLIPKART PAYMENT,Shopping
ICICI/22MAR25/FLIPKART PAYMENT,Shopping
UPI/CR/839472038/FLIPKART PAYMENT,Shopping
UPI/DR/429384729/FLIPKART PAYMENT,Shopping
FLIPKART PAYMENT,Shopping
SBI/FLIPKART PAYMENT,Shopping
NEFT/MYNTRA FASHION ORDER,Shopping
MYNTRA FASHION ORDER/IMPS29384728,Shopping
HDFC/MYNTRA FASHION ORDER,Shopping
ICICI/08JAN25/MYNTRA FASHION ORDER,Shopping
08JAN25/MYNTRA FASHION ORDER,Shopping
MYNTRA*FASHION*ORDER,Shopping
MYNTRA FASHION ORDER,Shopping
MYNTRA FASHION ORDER/TXN834729834,Shopping
UPI/DR/429384729/MYNTRA FASHION ORDER,Shopping
myntra fashion order,Shopping
SBI/MYNTRA FASHION ORDER,Shopping
UPI/CR/839472038/MYNTRA FASHION ORDER,Shopping
SBI/NYKAA BEAUTY,Shopping
UPI/CR/839472038/NYKAA BEAUTY,Shopping
HDFC/NYKAA BEAUTY,Shopping
01APR25/NYKAA BEAUTY,Shopping
NYKAA*BEAUTY,Shopping
ECS/NYKAA BEAUTY,Shopping
ICICI/01APR25/NYKAA BEAUTY,Shopping
NYKAA BEAUTY,Shopping
UPI/DR/429384729/NYKAA BEAUTY,Shopping
nykaa beauty,Shopping
NYKAA BEAUTY/IMPS29384728,Shopping
NYKAA BEAUTY/TXN834729834,Shopping
SBI/MEESHO ORDER,Shopping
meesho order,Shopping
ICICI/10MAY25/MEESHO ORDER,Shopping
UPI/DR/429384729/MEESHO ORDER,Shopping
HDFC/MEESHO ORDER,Shopping
MEESHO*ORDER,Shopping
NACH/MEESHO ORDER,Shopping
MEESHO ORDER,Shopping
MEESHO ORDER/TXN834729834,Shopping
UPI/CR/839472038/MEESHO ORDER,Shopping
MEESHO ORDER/IMPS29384728,Shopping
10MAY25/MEESHO ORDER,Shopping
HDFC/AJIO FASHION,Shopping
AJIO FASHION/IMPS29384728,Shopping
ICICI/15FEB25/AJIO FASHION,Shopping
SBI/AJIO FASHION,Shopping
UPI/DR/429384729/AJIO FASHION,Shopping
AJIO FASHION,Shopping
ajio fashion,Shopping
15FEB25/AJIO FASHION,Shopping
NEFT/AJIO FASHION,Shopping
AJIO*FASHION,Shopping
AJIO FASHION/TXN834729834,Shopping
UPI/CR/839472038/AJIO FASHION,Shopping
TATACLIQ PURCHASE,Shopping
ICICI/15FEB25/TATACLIQ PURCHASE,Shopping
TATACLIQ PURCHASE/TXN834729834,Shopping
IMPS/TATACLIQ PURCHASE,Shopping
UPI/DR/429384729/TATACLIQ PURCHASE,Shopping
UPI/CR/839472038/TATACLIQ PURCHASE,Shopping
15FEB25/TATACLIQ PURCHASE,Shopping
TATACLIQ*PURCHASE,Shopping
tatacliq purchase,Shopping
HDFC/TATACLIQ PURCHASE,Shopping
TATACLIQ PURCHASE/IMPS29384728,Shopping
SBI/TATACLIQ PURCHASE,Shopping
SNAPDEAL ORDER/IMPS29384728,Shopping
01APR25/SNAPDEAL ORDER,Shopping
snapdeal order,Shopping
SNAPDEAL ORDER,Shopping
SBI/SNAPDEAL ORDER,Shopping
SNAPDEAL ORDER/TXN834729834,Shopping
UPI/DR/429384729/SNAPDEAL ORDER,Shopping
ECS/SNAPDEAL ORDER,Shopping
UPI/CR/839472038/SNAPDEAL ORDER,Shopping
HDFC/SNAPDEAL ORDER,Shopping
SNAPDEAL*ORDER,Shopping
ICICI/01APR25/SNAPDEAL ORDER,Shopping
22MAR25/SHOPSY PAYMENT,Shopping
SHOPSY*PAYMENT,Shopping
SBI/SHOPSY PAYMENT,Shopping
UPI/CR/839472038/SHOPSY PAYMENT,Shopping
shopsy payment,Shopping
UPI/DR/429384729/SHOPSY PAYMENT,Shopping
ICICI/22MAR25/SHOPSY PAYMENT,Shopping
SHOPSY PAYMENT/IMPS29384728,Shopping
SHOPSY PAYMENT,Shopping
HDFC/SHOPSY PAYMENT,Shopping
NACH/SHOPSY PAYMENT,Shopping
SHOPSY PAYMENT/TXN834729834,Shopping
RELIANCE DIGITAL POS/TXN834729834,Shopping
UPI/DR/429384729/RELIANCE DIGITAL POS,Shopping
UPI/CR/839472038/RELIANCE DIGITAL POS,Shopping
HDFC/RELIANCE DIGITAL POS,Shopping
reliance digital pos,Shopping
RELIANCE DIGITAL POS,Shopping
10MAY25/RELIANCE DIGITAL POS,Shopping
ICICI/10MAY25/RELIANCE DIGITAL POS,Shopping
RELIANCE DIGITAL POS/IMPS29384728,Shopping
SBI/RELIANCE DIGITAL POS,Shopping
NEFT/RELIANCE DIGITAL POS,Shopping
RELIANCE*DIGITAL*POS,Shopping
UPI/DR/429384729/CROMA ELECTRONICS,Shopping
IMPS/CROMA ELECTRONICS,Shopping
croma electronics,Shopping
CROMA*ELECTRONICS,Shopping
SBI/CROMA ELECTRONICS,Shopping
HDFC/CROMA ELECTRONICS,Shopping
UPI/CR/839472038/CROMA ELECTRONICS,Shopping
CROMA ELECTRONICS,Shopping
CROMA ELECTRONICS/IMPS29384728,Shopping
20JUN25/CROMA ELECTRONICS,Shopping
ICICI/20JUN25/CROMA ELECTRONICS,Shopping
CROMA ELECTRONICS/TXN834729834,Shopping
UPI/CR/839472038/VIJAY SALES POS,Shopping
SBI/VIJAY SALES POS,Shopping
VIJAY*SALES*POS,Shopping
ECS/VIJAY SALES POS,Shopping
UPI/DR/429384729/VIJAY SALES POS,Shopping
22MAR25/VIJAY SALES POS,Shopping
ICICI/22MAR25/VIJAY SALES POS,Shopping
vijay sales pos,Shopping
HDFC/VIJAY SALES POS,Shopping
VIJAY SALES POS,Shopping
VIJAY SALES POS/IMPS29384728,Shopping
VIJAY SALES POS/TXN834729834,Shopping
ICICI/01APR25/APPLE ONLINE STORE,Shopping
01APR25/APPLE ONLINE STORE,Shopping
ECS/APPLE ONLINE STORE,Shopping
HDFC/APPLE ONLINE STORE,Shopping
APPLE*ONLINE*STORE,Shopping
APPLE ONLINE STORE/TXN834729834,Shopping
UPI/CR/839472038/APPLE ONLINE STORE,Shopping
UPI/DR/429384729/APPLE ONLINE STORE,Shopping
APPLE ONLINE STORE/IMPS29384728,Shopping
apple online store,Shopping
APPLE ONLINE STORE,Shopping
SBI/APPLE ONLINE STORE,Shopping
D-MART PURCHASE/TXN834729834,Shopping
UPI/DR/429384729/D-MART PURCHASE,Shopping
d-mart purchase,Shopping
ICICI/10MAY25/D-MART PURCHASE,Shopping
NEFT/D-MART PURCHASE,Shopping
UPI/CR/839472038/D-MART PURCHASE,Shopping
SBI/D-MART PURCHASE,Shopping
D-MART PURCHASE,Shopping
HDFC/D-MART PURCHASE,Shopping
10MAY25/D-MART PURCHASE,Shopping
D-MART PURCHASE/IMPS29384728,Shopping
D-MART*PURCHASE,Shopping
LIFESTYLE STORES,Shopping
HDFC/LIFESTYLE STORES,Shopping
NACH/LIFESTYLE STORES,Shopping
LIFESTYLE STORES/TXN834729834,Shopping
ICICI/05JUL25/LIFESTYLE STORES,Shopping
LIFESTYLE STORES/IMPS29384728,Shopping
05JUL25/LIFESTYLE STORES,Shopping
UPI/DR/429384729/LIFESTYLE STORES,Shopping
LIFESTYLE*STORES,Shopping
lifestyle stores,Shopping
UPI/CR/839472038/LIFESTYLE STORES,Shopping
SBI/LIFESTYLE STORES,Shopping
UPI/CR/839472038/SHOPPERS STOP POS,Shopping
SBI/SHOPPERS STOP POS,Shopping
01APR25/SHOPPERS STOP POS,Shopping
ICICI/01APR25/SHOPPERS STOP POS,Shopping
SHOPPERS STOP POS/TXN834729834,Shopping
SHOPPERS STOP POS/IMPS29384728,Shopping
shoppers stop pos,Shopping
UPI/DR/429384729/SHOPPERS STOP POS,Shopping
HDFC/SHOPPERS STOP POS,Shopping
SHOPPERS*STOP*POS,Shopping
ACH/SHOPPERS STOP POS,Shopping
SHOPPERS STOP POS,Shopping
SBI/PANTALOONS RETAIL,Shopping
PANTALOONS*RETAIL,Shopping
UPI/DR/429384729/PANTALOONS RETAIL,Shopping
ACH/PANTALOONS RETAIL,Shopping
PANTALOONS RETAIL/TXN834729834,Shopping
HDFC/PANTALOONS RETAIL,Shopping
PANTALOONS RETAIL/IMPS29384728,Shopping
ICICI/20JUN25/PANTALOONS RETAIL,Shopping
pantaloons retail,Shopping
PANTALOONS RETAIL,Shopping
UPI/CR/839472038/PANTALOONS RETAIL,Shopping
20JUN25/PANTALOONS RETAIL,Shopping
MAX FASHION/TXN834729834,Shopping
ICICI/01APR25/MAX FASHION,Shopping
MAX FASHION/IMPS29384728,Shopping
MAX*FASHION,Shopping
UPI/CR/839472038/MAX FASHION,Shopping
01APR25/MAX FASHION,Shopping
MAX FASHION,Shopping
IMPS/MAX FASHION,Shopping
max fashion,Shopping
SBI/MAX FASHION,Shopping
UPI/DR/429384729/MAX FASHION,Shopping
HDFC/MAX FASHION,Shopping
HDFC/WESTSIDE STORE,Shopping
UPI/DR/429384729/WESTSIDE STORE,Shopping
15FEB25/WESTSIDE STORE,Shopping
WESTSIDE STORE,Shopping
WESTSIDE*STORE,Shopping
westside store,Shopping
WESTSIDE STORE/IMPS29384728,Shopping
SBI/WESTSIDE STORE,Shopping
UPI/CR/839472038/WESTSIDE STORE,Shopping
NEFT/WESTSIDE STORE,Shopping
ICICI/15FEB25/WESTSIDE STORE,Shopping
WESTSIDE STORE/TXN834729834,Shopping
IKEA*INDIA*ORDER,Shopping
HDFC/IKEA INDIA ORDER,Shopping
IKEA INDIA ORDER/TXN834729834,Shopping
IKEA INDIA ORDER/IMPS29384728,Shopping
NEFT/IKEA INDIA ORDER,Shopping
ICICI/15FEB25/IKEA INDIA ORDER,Shopping
ikea india order,Shopping
IKEA INDIA ORDER,Shopping
UPI/DR/429384729/IKEA INDIA ORDER,Shopping
15FEB25/IKEA INDIA ORDER,Shopping
SBI/IKEA INDIA ORDER,Shopping
UPI/CR/839472038/IKEA INDIA ORDER,Shopping
PEPPERFRY FURNITURE/TXN834729834,Shopping
pepperfry furniture,Shopping
NACH/PEPPERFRY FURNITURE,Shopping
PEPPERFRY FURNITURE,Shopping
SBI/PEPPERFRY FURNITURE,Shopping
PEPPERFRY*FURNITURE,Shopping
HDFC/PEPPERFRY FURNITURE,Shopping
PEPPERFRY FURNITURE/IMPS29384728,Shopping
ICICI/20JUN25/PEPPERFRY FURNITURE,Shopping
20JUN25/PEPPERFRY FURNITURE,Shopping
UPI/CR/839472038/PEPPERFRY FURNITURE,Shopping
UPI/DR/429384729/PEPPERFRY FURNITURE,Shopping
URBAN*LADDER,Shopping
NACH/URBAN LADDER,Shopping
URBAN LADDER/TXN834729834,Shopping
UPI/DR/429384729/URBAN LADDER,Shopping
URBAN LADDER,Shopping
SBI/URBAN LADDER,Shopping
urban ladder,Shopping
ICICI/10MAY25/URBAN LADDER,Shopping
10MAY25/URBAN LADDER,Shopping
URBAN LADDER/IMPS29384728,Shopping
UPI/CR/839472038/URBAN LADDER,Shopping
HDFC/URBAN LADDER,Shopping
HDFC/BEWAKOOF ORDER,Shopping
SBI/BEWAKOOF ORDER,Shopping
UPI/DR/429384729/BEWAKOOF ORDER,Shopping
BEWAKOOF ORDER/IMPS29384728,Shopping
BEWAKOOF*ORDER,Shopping
UPI/CR/839472038/BEWAKOOF ORDER,Shopping
ACH/BEWAKOOF ORDER,Shopping
BEWAKOOF ORDER/TXN834729834,Shopping
ICICI/01APR25/BEWAKOOF ORDER,Shopping
01APR25/BEWAKOOF ORDER,Shopping
BEWAKOOF ORDER,Shopping
bewakoof order,Shopping
LIMEROAD PURCHASE/IMPS29384728,Shopping
UPI/CR/839472038/LIMEROAD PURCHASE,Shopping
SBI/LIMEROAD PURCHASE,Shopping
10MAY25/LIMEROAD PURCHASE,Shopping
LIMEROAD PURCHASE,Shopping
ICICI/10MAY25/LIMEROAD PURCHASE,Shopping
LIMEROAD*PURCHASE,Shopping
ECS/LIMEROAD PURCHASE,Shopping
limeroad purchase,Shopping
HDFC/LIMEROAD PURCHASE,Shopping
LIMEROAD PURCHASE/TXN834729834,Shopping
UPI/DR/429384729/LIMEROAD PURCHASE,Shopping
SBI/FIRSTCRY ORDER,Shopping
ICICI/10MAY25/FIRSTCRY ORDER,Shopping
UPI/CR/839472038/FIRSTCRY ORDER,Shopping
UPI/DR/429384729/FIRSTCRY ORDER,Shopping
HDFC/FIRSTCRY ORDER,Shopping
FIRSTCRY ORDER,Shopping
firstcry order,Shopping
FIRSTCRY ORDER/TXN834729834,Shopping
FIRSTCRY*ORDER,Shopping
10MAY25/FIRSTCRY ORDER,Shopping
IMPS/FIRSTCRY ORDER,Shopping
FIRSTCRY ORDER/IMPS29384728,Shopping
SBI/BESCOM ELECTRICITY BILL,Bills
HDFC/BESCOM ELECTRICITY BILL,Bills
BESCOM*ELECTRICITY*BILL,Bills
BESCOM ELECTRICITY BILL/IMPS29384728,Bills
BESCOM ELECTRICITY BILL,Bills
UPI/DR/429384729/BESCOM ELECTRICITY BILL,Bills
NEFT/BESCOM ELECTRICITY BILL,Bills
BESCOM ELECTRICITY BILL/TXN834729834,Bills
ICICI/15FEB25/BESCOM ELECTRICITY BILL,Bills
UPI/CR/839472038/BESCOM ELECTRICITY BILL,Bills
bescom electricity bill,Bills
15FEB25/BESCOM ELECTRICITY BILL,Bills
HDFC/TNEB BILL PAYMENT,Bills
SBI/TNEB BILL PAYMENT,Bills
ICICI/15FEB25/TNEB BILL PAYMENT,Bills
TNEB BILL PAYMENT,Bills
UPI/DR/429384729/TNEB BILL PAYMENT,Bills
ACH/TNEB BILL PAYMENT,Bills
TNEB BILL PAYMENT/IMPS29384728,Bills
UPI/CR/839472038/TNEB BILL PAYMENT,Bills
tneb bill payment,Bills
15FEB25/TNEB BILL PAYMENT,Bills
TNEB BILL PAYMENT/TXN834729834,Bills
TNEB*BILL*PAYMENT,Bills
ICICI/20JUN25/MSEB ONLINE PAYMENT,Bills
UPI/DR/429384729/MSEB ONLINE PAYMENT,Bills
NACH/MSEB ONLINE PAYMENT,Bills
MSEB*ONLINE*PAYMENT,Bills
HDFC/MSEB ONLINE PAYMENT,Bills
mseb online payment,Bills
20JUN25/MSEB ONLINE PAYMENT,Bills
MSEB ONLINE PAYMENT/IMPS29384728,Bills
UPI/CR/839472038/MSEB ONLINE PAYMENT,Bills
MSEB ONLINE PAYMENT/TXN834729834,Bills
MSEB ONLINE PAYMENT,Bills
SBI/MSEB ONLINE PAYMENT,Bills
SBI/BSES RAJDHANI,Bills
UPI/DR/429384729/BSES RAJDHANI,Bills
UPI/CR/839472038/BSES RAJDHANI,Bills
ICICI/01APR25/BSES RAJDHANI,Bills
bses rajdhani,Bills
BSES RAJDHANI/TXN834729834,Bills
ACH/BSES RAJDHANI,Bills
01APR25/BSES RAJDHANI,Bills
BSES RAJDHANI/IMPS29384728,Bills
HDFC/BSES RAJDHANI,Bills
BSES RAJDHANI,Bills
BSES*RAJDHANI,Bills
UPI/DR/429384729/CESC BILL,Bills
CESC BILL/IMPS29384728,Bills
CESC BILL/TXN834729834,Bills
HDFC/CESC BILL,Bills
CESC*BILL,Bills
ACH/CESC BILL,Bills
ICICI/22MAR25/CESC BILL,Bills
cesc bill,Bills
22MAR25/CESC BILL,Bills
SBI/CESC BILL,Bills
CESC BILL,Bills
UPI/CR/839472038/CESC BILL,Bills
HDFC/UPPCL BILL,Bills
uppcl bill,Bills
UPPCL BILL/TXN834729834,Bills
UPPCL BILL,Bills
UPPCL*BILL,Bills
01APR25/UPPCL BILL,Bills
ICICI/01APR25/UPPCL BILL,Bills
UPI/DR/429384729/UPPCL BILL,Bills
UPPCL BILL/IMPS29384728,Bills
ACH/UPPCL BILL,Bills
UPI/CR/839472038/UPPCL BILL,Bills
SBI/UPPCL BILL,Bills
UPI/CR/839472038/WBSEDCL PAYMENT,Bills
UPI/DR/429384729/WBSEDCL PAYMENT,Bills
15FEB25/WBSEDCL PAYMENT,Bills
WBSEDCL*PAYMENT,Bills
NEFT/WBSEDCL PAYMENT,Bills
WBSEDCL PAYMENT/IMPS29384728,Bills
HDFC/WBSEDCL PAYMENT,Bills
WBSEDCL PAYMENT,Bills
SBI/WBSEDCL PAYMENT,Bills
ICICI/15FEB25/WBSEDCL PAYMENT,Bills
wbsedcl payment,Bills
WBSEDCL PAYMENT/TXN834729834,Bills
UPI/CR/839472038/HESCOM BILL,Bills
UPI/DR/429384729/HESCOM BILL,Bills
HDFC/HESCOM BILL,Bills
05JUL25/HESCOM BILL,Bills
hescom bill,Bills
SBI/HESCOM BILL,Bills
ICICI/05JUL25/HESCOM BILL,Bills
HESCOM BILL/TXN834729834,Bills
HESCOM BILL/IMPS29384728,Bills
HESCOM*BILL,Bills
ACH/HESCOM BILL,Bills
HESCOM BILL,Bills
AIRTEL PREPAID RECHARGE,Bills
UPI/CR/839472038/AIRTEL PREPAID RECHARGE,Bills
AIRTEL PREPAID RECHARGE/IMPS29384728,Bills
SBI/AIRTEL PREPAID RECHARGE,Bills
UPI/DR/429384729/AIRTEL PREPAID RECHARGE,Bills
IMPS/AIRTEL PREPAID RECHARGE,Bills
15FEB25/AIRTEL PREPAID RECHARGE,Bills
ICICI/15FEB25/AIRTEL PREPAID RECHARGE,Bills
airtel prepaid recharge,Bills
AIRTEL*PREPAID*RECHARGE,Bills
AIRTEL PREPAID RECHARGE/TXN834729834,Bills
HDFC/AIRTEL PREPAID RECHARGE,Bills
ECS/JIO RECHARGE,Bills
JIO RECHARGE/TXN834729834,Bills
JIO RECHARGE/IMPS29384728,Bills
JIO*RECHARGE,Bills
UPI/DR/429384729/JIO RECHARGE,Bills
UPI/CR/839472038/JIO RECHARGE,Bills
08JAN25/JIO RECHARGE,Bills
HDFC/JIO RECHARGE,Bills
SBI/JIO RECHARGE,Bills
JIO RECHARGE,Bills
ICICI/08JAN25/JIO RECHARGE,Bills
jio recharge,Bills
NEFT/VI POSTPAID BILL,Bills
vi postpaid bill,Bills
ICICI/08JAN25/VI POSTPAID BILL,Bills
VI POSTPAID BILL,Bills
UPI/CR/839472038/VI POSTPAID BILL,Bills
HDFC/VI POSTPAID BILL,Bills
UPI/DR/429384729/VI POSTPAID BILL,Bills
SBI/VI POSTPAID BILL,Bills
VI POSTPAID BILL/IMPS29384728,Bills
08JAN25/VI POSTPAID BILL,Bills
VI*POSTPAID*BILL,Bills
VI POSTPAID BILL/TXN834729834,Bills
BSNL BROADBAND BILL/IMPS29384728,Bills
22MAR25/BSNL BROADBAND BILL,Bills
BSNL*BROADBAND*BILL,Bills
BSNL BROADBAND BILL,Bills
UPI/CR/839472038/BSNL BROADBAND BILL,Bills
SBI/BSNL BROADBAND BILL,Bills
HDFC/BSNL BROADBAND BILL,Bills
ICICI/22MAR25/BSNL BROADBAND BILL,Bills
bsnl broadband bill,Bills
BSNL BROADBAND BILL/TXN834729834,Bills
ECS/BSNL BROADBAND BILL,Bills
UPI/DR/429384729/BSNL BROADBAND BILL,Bills
ACT FIBERNET/IMPS29384728,Bills
ACH/ACT FIBERNET,Bills
ACT FIBERNET/TXN834729834,Bills
act fibernet,Bills
ACT FIBERNET,Bills
HDFC/ACT FIBERNET,Bills
05JUL25/ACT FIBERNET,Bills
ACT*FIBERNET,Bills
UPI/DR/429384729/ACT FIBERNET,Bills
SBI/ACT FIBERNET,Bills
ICICI/05JUL25/ACT FIBERNET,Bills
UPI/CR/839472038/ACT FIBERNET,Bills
HDFC/HATHWAY CABLE,Bills
UPI/CR/839472038/HATHWAY CABLE,Bills
hathway cable,Bills
10MAY25/HATHWAY CABLE,Bills
HATHWAY CABLE/IMPS29384728,Bills
UPI/DR/429384729/HATHWAY CABLE,Bills
HATHWAY CABLE,Bills
SBI/HATHWAY CABLE,Bills
ICICI/10MAY25/HATHWAY CABLE,Bills
ACH/HATHWAY CABLE,Bills
HATHWAY CABLE/TXN834729834,Bills
HATHWAY*CABLE,Bills
ECS/TATA PLAY DTH,Bills
TATA PLAY DTH/TXN834729834,Bills
UPI/DR/429384729/TATA PLAY DTH,Bills
SBI/TATA PLAY DTH,Bills
08JAN25/TATA PLAY DTH,Bills
UPI/CR/839472038/TATA PLAY DTH,Bills
TATA*PLAY*DTH,Bills
TATA PLAY DTH,Bills
ICICI/08JAN25/TATA PLAY DTH,Bills
HDFC/TATA PLAY DTH,Bills
TATA PLAY DTH/IMPS29384728,Bills
tata play dth,Bills
DISH TV RECHARGE/IMPS29384728,Bills
HDFC/DISH TV RECHARGE,Bills
DISH*TV*RECHARGE,Bills
10MAY25/DISH TV RECHARGE,Bills
dish tv recharge,Bills
DISH TV RECHARGE,Bills
NEFT/DISH TV RECHARGE,Bills
ICICI/10MAY25/DISH TV RECHARGE,Bills
UPI/DR/429384729/DISH TV RECHARGE,Bills
SBI/DISH TV RECHARGE,Bills
DISH TV RECHARGE/TXN834729834,Bills
UPI/CR/839472038/DISH TV RECHARGE,Bills
NEFT/VIDEOCON D2H,Bills
videocon d2h,Bills
UPI/CR/839472038/VIDEOCON D2H,Bills
SBI/VIDEOCON D2H,Bills
22MAR25/VIDEOCON D2H,Bills
ICICI/22MAR25/VIDEOCON D2H,Bills
VIDEOCON D2H/TXN834729834,Bills
VIDEOCON D2H/IMPS29384728,Bills
VIDEOCON*D2H,Bills
HDFC/VIDEOCON D2H,Bills
UPI/DR/429384729/VIDEOCON D2H,Bills
VIDEOCON D2H,Bills
UPI/DR/429384729/LPG GAS BOOKING HP,Bills
HDFC/LPG GAS BOOKING HP,Bills
LPG GAS BOOKING HP/IMPS29384728,Bills
lpg gas booking hp,Bills
UPI/CR/839472038/LPG GAS BOOKING HP,Bills
LPG GAS BOOKING HP,Bills
LPG GAS BOOKING HP/TXN834729834,Bills
SBI/LPG GAS BOOKING HP,Bills
LPG*GAS*BOOKING*HP,Bills
NACH/LPG GAS BOOKING HP,Bills
10MAY25/LPG GAS BOOKING HP,Bills
ICICI/10MAY25/LPG GAS BOOKING HP,Bills
IMPS/INDANE GAS BOOKING,Bills
SBI/INDANE GAS BOOKING,Bills
HDFC/INDANE GAS BOOKING,Bills
INDANE GAS BOOKING/TXN834729834,Bills
INDANE GAS BOOKING,Bills
UPI/DR/429384729/INDANE GAS BOOKING,Bills
UPI/CR/839472038/INDANE GAS BOOKING,Bills
22MAR25/INDANE GAS BOOKING,Bills
ICICI/22MAR25/INDANE GAS BOOKING,Bills
INDANE*GAS*BOOKING,Bills
INDANE GAS BOOKING/IMPS29384728,Bills
indane gas booking,Bills
BHARAT GAS/IMPS29384728,Bills
HDFC/BHARAT GAS,Bills
15FEB25/BHARAT GAS,Bills
BHARAT*GAS,Bills
UPI/DR/429384729/BHARAT GAS,Bills
ICICI/15FEB25/BHARAT GAS,Bills
bharat gas,Bills
SBI/BHARAT GAS,Bills
BHARAT GAS,Bills
BHARAT GAS/TXN834729834,Bills
UPI/CR/839472038/BHARAT GAS,Bills
ECS/BHARAT GAS,Bills
UPI/DR/429384729/BWSSB WATER BILL,Bills
BWSSB WATER BILL,Bills
SBI/BWSSB WATER BILL,Bills
BWSSB*WATER*BILL,Bills
22MAR25/BWSSB WATER BILL,Bills
NACH/BWSSB WATER BILL,Bills
bwssb water bill,Bills
ICICI/22MAR25/BWSSB WATER BILL,Bills
UPI/CR/839472038/BWSSB WATER BILL,Bills
BWSSB WATER BILL/TXN834729834,Bills
HDFC/BWSSB WATER BILL,Bills
BWSSB WATER BILL/IMPS29384728,Bills
HDFC/NMMC WATER PAYMENT,Bills
15FEB25/NMMC WATER PAYMENT,Bills
ICICI/15FEB25/NMMC WATER PAYMENT,Bills
UPI/DR/429384729/NMMC WATER PAYMENT,Bills
SBI/NMMC WATER PAYMENT,Bills
nmmc water payment,Bills
NMMC*WATER*PAYMENT,Bills
NMMC WATER PAYMENT/TXN834729834,Bills
UPI/CR/839472038/NMMC WATER PAYMENT,Bills
NMMC WATER PAYMENT,Bills
NMMC WATER PAYMENT/IMPS29384728,Bills
ECS/NMMC WATER PAYMENT,Bills
TIKONA BROADBAND,Bills
TIKONA BROADBAND/TXN834729834,Bills
ICICI/01APR25/TIKONA BROADBAND,Bills
SBI/TIKONA BROADBAND,Bills
UPI/CR/839472038/TIKONA BROADBAND,Bills
TIKONA*BROADBAND,Bills
01APR25/TIKONA BROADBAND,Bills
HDFC/TIKONA BROADBAND,Bills
TIKONA BROADBAND/IMPS29384728,Bills
tikona broadband,Bills
ACH/TIKONA BROADBAND,Bills
UPI/DR/429384729/TIKONA BROADBAND,Bills
SBI/AIRTEL XSTREAM,Bills
HDFC/AIRTEL XSTREAM,Bills
AIRTEL XSTREAM,Bills
airtel xstream,Bills
UPI/CR/839472038/AIRTEL XSTREAM,Bills
AIRTEL*XSTREAM,Bills
ICICI/22MAR25/AIRTEL XSTREAM,Bills
AIRTEL XSTREAM/TXN834729834,Bills
UPI/DR/429384729/AIRTEL XSTREAM,Bills
22MAR25/AIRTEL XSTREAM,Bills
ECS/AIRTEL XSTREAM,Bills
AIRTEL XSTREAM/IMPS29384728,Bills
SUN DIRECT RECHARGE/IMPS29384728,Bills
SBI/SUN DIRECT RECHARGE,Bills
SUN DIRECT RECHARGE,Bills
SUN*DIRECT*RECHARGE,Bills
HDFC/SUN DIRECT RECHARGE,Bills
ICICI/22MAR25/SUN DIRECT RECHARGE,Bills
NACH/SUN DIRECT RECHARGE,Bills
UPI/CR/839472038/SUN DIRECT RECHARGE,Bills
UPI/DR/429384729/SUN DIRECT RECHARGE,Bills
22MAR25/SUN DIRECT RECHARGE,Bills
sun direct recharge,Bills
SUN DIRECT RECHARGE/TXN834729834,Bills
MAHANAGAR*GAS,Bills
MAHANAGAR GAS/IMPS29384728,Bills
HDFC/MAHANAGAR GAS,Bills
SBI/MAHANAGAR GAS,Bills
22MAR25/MAHANAGAR GAS,Bills
MAHANAGAR GAS/TXN834729834,Bills
ICICI/22MAR25/MAHANAGAR GAS,Bills
mahanagar gas,Bills
ACH/MAHANAGAR GAS,Bills
UPI/DR/429384729/MAHANAGAR GAS,Bills
UPI/CR/839472038/MAHANAGAR GAS,Bills
MAHANAGAR GAS,Bills
PIPED NATURAL GAS,Bills
HDFC/PIPED NATURAL GAS,Bills
UPI/CR/839472038/PIPED NATURAL GAS,Bills
PIPED NATURAL GAS/IMPS29384728,Bills
IMPS/PIPED NATURAL GAS,Bills
ICICI/01APR25/PIPED NATURAL GAS,Bills
piped natural gas,Bills
PIPED*NATURAL*GAS,Bills
01APR25/PIPED NATURAL GAS,Bills
UPI/DR/429384729/PIPED NATURAL GAS,Bills
SBI/PIPED NATURAL GAS,Bills
PIPED NATURAL GAS/TXN834729834,Bills
APOLLO PHARMACY/IMPS29384728,Health
10MAY25/APOLLO PHARMACY,Health
APOLLO*PHARMACY,Health
ICICI/10MAY25/APOLLO PHARMACY,Health
HDFC/APOLLO PHARMACY,Health
apollo pharmacy,Health
APOLLO PHARMACY,Health
UPI/DR/429384729/APOLLO PHARMACY,Health
SBI/APOLLO PHARMACY,Health
APOLLO PHARMACY/TXN834729834,Health
NACH/APOLLO PHARMACY,Health
UPI/CR/839472038/APOLLO PHARMACY,Health
MEDPLUS*MEDICINE,Health
15FEB25/MEDPLUS MEDICINE,Health
HDFC/MEDPLUS MEDICINE,Health
UPI/DR/429384729/MEDPLUS MEDICINE,Health
MEDPLUS MEDICINE/TXN834729834,Health
SBI/MEDPLUS MEDICINE,Health
IMPS/MEDPLUS MEDICINE,Health
medplus medicine,Health
MEDPLUS MEDICINE,Health
MEDPLUS MEDICINE/IMPS29384728,Health
ICICI/15FEB25/MEDPLUS MEDICINE,Health
UPI/CR/839472038/MEDPLUS MEDICINE,Health
ECS/NETMEDS ORDER,Health
NETMEDS ORDER/TXN834729834,Health
HDFC/NETMEDS ORDER,Health
UPI/CR/839472038/NETMEDS ORDER,Health
ICICI/20JUN25/NETMEDS ORDER,Health
NETMEDS*ORDER,Health
UPI/DR/429384729/NETMEDS ORDER,Health
NETMEDS ORDER,Health
20JUN25/NETMEDS ORDER,Health
netmeds order,Health
NETMEDS ORDER/IMPS29384728,Health
SBI/NETMEDS ORDER,Health
PHARMEASY*DELIVERY,Health
UPI/CR/839472038/PHARMEASY DELIVERY,Health
PHARMEASY DELIVERY,Health
pharmeasy delivery,Health
PHARMEASY DELIVERY/TXN834729834,Health
UPI/DR/429384729/PHARMEASY DELIVERY,Health
PHARMEASY DELIVERY/IMPS29384728,Health
HDFC/PHARMEASY DELIVERY,Health
08JAN25/PHARMEASY DELIVERY,Health
ACH/PHARMEASY DELIVERY,Health
ICICI/08JAN25/PHARMEASY DELIVERY,Health
SBI/PHARMEASY DELIVERY,Health
1MG MEDICINES/IMPS29384728,Health
UPI/DR/429384729/1MG MEDICINES,Health
HDFC/1MG MEDICINES,Health
15FEB25/1MG MEDICINES,Health
1MG*MEDICINES,Health
ICICI/15FEB25/1MG MEDICINES,Health
SBI/1MG MEDICINES,Health
1MG MEDICINES/TXN834729834,Health
UPI/CR/839472038/1MG MEDICINES,Health
IMPS/1MG MEDICINES,Health
1MG MEDICINES,Health
1mg medicines,Health
WELLNESS*FOREVER,Health
UPI/DR/429384729/WELLNESS FOREVER,Health
HDFC/WELLNESS FOREVER,Health
10MAY25/WELLNESS FOREVER,Health
WELLNESS FOREVER,Health
IMPS/WELLNESS FOREVER,Health
WELLNESS FOREVER/TXN834729834,Health
ICICI/10MAY25/WELLNESS FOREVER,Health
WELLNESS FOREVER/IMPS29384728,Health
SBI/WELLNESS FOREVER,Health
UPI/CR/839472038/WELLNESS FOREVER,Health
wellness forever,Health
SBI/FRANK ROSS PHARMACY,Health
HDFC/FRANK ROSS PHARMACY,Health
UPI/DR/429384729/FRANK ROSS PHARMACY,Health
frank ross pharmacy,Health
10MAY25/FRANK ROSS PHARMACY,Health
UPI/CR/839472038/FRANK ROSS PHARMACY,Health
ICICI/10MAY25/FRANK ROSS PHARMACY,Health
IMPS/FRANK ROSS PHARMACY,Health
FRANK*ROSS*PHARMACY,Health
FRANK ROSS PHARMACY/TXN834729834,Health
FRANK ROSS PHARMACY/IMPS29384728,Health
FRANK ROSS PHARMACY,Health
UPI/DR/429384729/PRACTO CONSULTATION,Health
15FEB25/PRACTO CONSULTATION,Health
practo consultation,Health
PRACTO CONSULTATION/IMPS29384728,Health
PRACTO CONSULTATION/TXN834729834,Health
PRACTO*CONSULTATION,Health
ECS/PRACTO CONSULTATION,Health
SBI/PRACTO CONSULTATION,Health
PRACTO CONSULTATION,Health
ICICI/15FEB25/PRACTO CONSULTATION,Health
HDFC/PRACTO CONSULTATION,Health
UPI/CR/839472038/PRACTO CONSULTATION,Health
DOCTOR FEE PAYMENT/TXN834729834,Health
HDFC/DOCTOR FEE PAYMENT,Health
ECS/DOCTOR FEE PAYMENT,Health
DOCTOR*FEE*PAYMENT,Health
ICICI/22MAR25/DOCTOR FEE PAYMENT,Health
DOCTOR FEE PAYMENT/IMPS29384728,Health
22MAR25/DOCTOR FEE PAYMENT,Health
doctor fee payment,Health
DOCTOR FEE PAYMENT,Health
SBI/DOCTOR FEE PAYMENT,Health
UPI/DR/429384729/DOCTOR FEE PAYMENT,Health
UPI/CR/839472038/DOCTOR FEE PAYMENT,Health
CLINIC PAYMENT/TXN834729834,Health
HDFC/CLINIC PAYMENT,Health
CLINIC PAYMENT,Health
clinic payment,Health
ICICI/08JAN25/CLINIC PAYMENT,Health
08JAN25/CLINIC PAYMENT,Health
SBI/CLINIC PAYMENT,Health
CLINIC PAYMENT/IMPS29384728,Health
UPI/CR/839472038/CLINIC PAYMENT,Health
UPI/DR/429384729/CLINIC PAYMENT,Health
NEFT/CLINIC PAYMENT,Health
CLINIC*PAYMENT,Health
ICICI/10MAY25/HOSPITAL OPD PAYMENT,Health
HOSPITAL OPD PAYMENT,Health
HOSPITAL OPD PAYMENT/IMPS29384728,Health
10MAY25/HOSPITAL OPD PAYMENT,Health
HOSPITAL OPD PAYMENT/TXN834729834,Health
ACH/HOSPITAL OPD PAYMENT,Health
UPI/CR/839472038/HOSPITAL OPD PAYMENT,Health
hospital opd payment,Health
SBI/HOSPITAL OPD PAYMENT,Health
UPI/DR/429384729/HOSPITAL OPD PAYMENT,Health
HDFC/HOSPITAL OPD PAYMENT,Health
HOSPITAL*OPD*PAYMENT,Health
DIAGNOSTIC*LAB*PAYMENT,Health
diagnostic lab payment,Health
DIAGNOSTIC LAB PAYMENT,Health
HDFC/DIAGNOSTIC LAB PAYMENT,Health
UPI/CR/839472038/DIAGNOSTIC LAB PAYMENT,Health
SBI/DIAGNOSTIC LAB PAYMENT,Health
ICICI/22MAR25/DIAGNOSTIC LAB PAYMENT,Health
22MAR25/DIAGNOSTIC LAB PAYMENT,Health
NACH/DIAGNOSTIC LAB PAYMENT,Health
DIAGNOSTIC LAB PAYMENT/TXN834729834,Health
UPI/DR/429384729/DIAGNOSTIC LAB PAYMENT,Health
DIAGNOSTIC LAB PAYMENT/IMPS29384728,Health
SBI/STAR HEALTH INSURANCE,Health
STAR*HEALTH*INSURANCE,Health
star health insurance,Health
IMPS/STAR HEALTH INSURANCE,Health
HDFC/STAR HEALTH INSURANCE,Health
05JUL25/STAR HEALTH INSURANCE,Health
STAR HEALTH INSURANCE/TXN834729834,Health
UPI/DR/429384729/STAR HEALTH INSURANCE,Health
ICICI/05JUL25/STAR HEALTH INSURANCE,Health
STAR HEALTH INSURANCE/IMPS29384728,Health
STAR HEALTH INSURANCE,Health
UPI/CR/839472038/STAR HEALTH INSURANCE,Health
niva bupa premium,Health
NIVA BUPA PREMIUM,Health
HDFC/NIVA BUPA PREMIUM,Health
NEFT/NIVA BUPA PREMIUM,Health
NIVA BUPA PREMIUM/TXN834729834,Health
NIVA BUPA PREMIUM/IMPS29384728,Health
SBI/NIVA BUPA PREMIUM,Health
ICICI/10MAY25/NIVA BUPA PREMIUM,Health
10MAY25/NIVA BUPA PREMIUM,Health
UPI/CR/839472038/NIVA BUPA PREMIUM,Health
NIVA*BUPA*PREMIUM,Health
UPI/DR/429384729/NIVA BUPA PREMIUM,Health
ECS/MAX BUPA HEALTH,Health
MAX BUPA HEALTH/TXN834729834,Health
MAX BUPA HEALTH,Health
UPI/CR/839472038/MAX BUPA HEALTH,Health
SBI/MAX BUPA HEALTH,Health
UPI/DR/429384729/MAX BUPA HEALTH,Health
ICICI/15FEB25/MAX BUPA HEALTH,Health
15FEB25/MAX BUPA HEALTH,Health
max bupa health,Health
HDFC/MAX BUPA HEALTH,Health
MAX*BUPA*HEALTH,Health
MAX BUPA HEALTH/IMPS29384728,Health
HDFC/CARE HEALTH INSURANCE,Health
05JUL25/CARE HEALTH INSURANCE,Health
ECS/CARE HEALTH INSURANCE,Health
ICICI/05JUL25/CARE HEALTH INSURANCE,Health
CARE HEALTH INSURANCE,Health
UPI/DR/429384729/CARE HEALTH INSURANCE,Health
CARE HEALTH INSURANCE/IMPS29384728,Health
care health insurance,Health
CARE HEALTH INSURANCE/TXN834729834,Health
UPI/CR/839472038/CARE HEALTH INSURANCE,Health
SBI/CARE HEALTH INSURANCE,Health
CARE*HEALTH*INSURANCE,Health
SBI/CULT FIT MEMBERSHIP,Health
CULT FIT MEMBERSHIP,Health
CULT FIT MEMBERSHIP/IMPS29384728,Health
UPI/DR/429384729/CULT FIT MEMBERSHIP,Health
CULT FIT MEMBERSHIP/TXN834729834,Health
UPI/CR/839472038/CULT FIT MEMBERSHIP,Health
cult fit membership,Health
05JUL25/CULT FIT MEMBERSHIP,Health
NEFT/CULT FIT MEMBERSHIP,Health
ICICI/05JUL25/CULT FIT MEMBERSHIP,Health
CULT*FIT*MEMBERSHIP,Health
HDFC/CULT FIT MEMBERSHIP,Health
UPI/DR/429384729/GOLD GYM MEMBERSHIP,Health
ICICI/22MAR25/GOLD GYM MEMBERSHIP,Health
GOLD*GYM*MEMBERSHIP,Health
ACH/GOLD GYM MEMBERSHIP,Health
gold gym membership,Health
UPI/CR/839472038/GOLD GYM MEMBERSHIP,Health
SBI/GOLD GYM MEMBERSHIP,Health
22MAR25/GOLD GYM MEMBERSHIP,Health
GOLD GYM MEMBERSHIP/TXN834729834,Health
HDFC/GOLD GYM MEMBERSHIP,Health
GOLD GYM MEMBERSHIP/IMPS29384728,Health
GOLD GYM MEMBERSHIP,Health
08JAN25/HEALTHIFY ME PREMIUM,Health
HDFC/HEALTHIFY ME PREMIUM,Health
UPI/CR/839472038/HEALTHIFY ME PREMIUM,Health
HEALTHIFY ME PREMIUM/TXN834729834,Health
ICICI/08JAN25/HEALTHIFY ME PREMIUM,Health
SBI/HEALTHIFY ME PREMIUM,Health
HEALTHIFY ME PREMIUM/IMPS29384728,Health
UPI/DR/429384729/HEALTHIFY ME PREMIUM,Health
HEALTHIFY ME PREMIUM,Health
HEALTHIFY*ME*PREMIUM,Health
healthify me premium,Health
NACH/HEALTHIFY ME PREMIUM,Health
SRL DIAGNOSTICS/TXN834729834,Health
22MAR25/SRL DIAGNOSTICS,Health
SRL DIAGNOSTICS,Health
NEFT/SRL DIAGNOSTICS,Health
ICICI/22MAR25/SRL DIAGNOSTICS,Health
HDFC/SRL DIAGNOSTICS,Health
SRL*DIAGNOSTICS,Health
srl diagnostics,Health
SRL DIAGNOSTICS/IMPS29384728,Health
UPI/DR/429384729/SRL DIAGNOSTICS,Health
UPI/CR/839472038/SRL DIAGNOSTICS,Health
SBI/SRL DIAGNOSTICS,Health
08JAN25/THYROCARE TEST,Health
HDFC/THYROCARE TEST,Health
THYROCARE TEST/TXN834729834,Health
thyrocare test,Health
THYROCARE TEST/IMPS29384728,Health
UPI/CR/839472038/THYROCARE TEST,Health
THYROCARE*TEST,Health
SBI/THYROCARE TEST,Health
NACH/THYROCARE TEST,Health
ICICI/08JAN25/THYROCARE TEST,Health
UPI/DR/429384729/THYROCARE TEST,Health
THYROCARE TEST,Health
ICICI/08JAN25/NETFLIX SUBSCRIPTION,Entertainment
SBI/NETFLIX SUBSCRIPTION,Entertainment
NETFLIX SUBSCRIPTION/TXN834729834,Entertainment
UPI/CR/839472038/NETFLIX SUBSCRIPTION,Entertainment
netflix subscription,Entertainment
UPI/DR/429384729/NETFLIX SUBSCRIPTION,Entertainment
HDFC/NETFLIX SUBSCRIPTION,Entertainment
08JAN25/NETFLIX SUBSCRIPTION,Entertainment
NETFLIX SUBSCRIPTION,Entertainment
NETFLIX SUBSCRIPTION/IMPS29384728,Entertainment
NACH/NETFLIX SUBSCRIPTION,Entertainment
NETFLIX*SUBSCRIPTION,Entertainment
UPI/DR/429384729/AMAZON PRIME VIDEO,Entertainment
UPI/CR/839472038/AMAZON PRIME VIDEO,Entertainment
NEFT/AMAZON PRIME VIDEO,Entertainment
amazon prime video,Entertainment
10MAY25/AMAZON PRIME VIDEO,Entertainment
AMAZON PRIME VIDEO,Entertainment
AMAZON PRIME VIDEO/TXN834729834,Entertainment
SBI/AMAZON PRIME VIDEO,Entertainment
AMAZON*PRIME*VIDEO,Entertainment
HDFC/AMAZON PRIME VIDEO,Entertainment
AMAZON PRIME VIDEO/IMPS29384728,Entertainment
ICICI/10MAY25/AMAZON PRIME VIDEO,Entertainment
disney hotstar plan,Entertainment
UPI/DR/429384729/DISNEY HOTSTAR PLAN,Entertainment
ACH/DISNEY HOTSTAR PLAN,Entertainment
HDFC/DISNEY HOTSTAR PLAN,Entertainment
ICICI/05JUL25/DISNEY HOTSTAR PLAN,Entertainment
UPI/CR/839472038/DISNEY HOTSTAR PLAN,Entertainment
DISNEY*HOTSTAR*PLAN,Entertainment
DISNEY HOTSTAR PLAN/TXN834729834,Entertainment
05JUL25/DISNEY HOTSTAR PLAN,Entertainment
DISNEY HOTSTAR PLAN,Entertainment
DISNEY HOTSTAR PLAN/IMPS29384728,Entertainment
SBI/DISNEY HOTSTAR PLAN,Entertainment
SONY LIV PREMIUM/IMPS29384728,Entertainment
UPI/CR/839472038/SONY LIV PREMIUM,Entertainment
SONY LIV PREMIUM,Entertainment
SONY LIV PREMIUM/TXN834729834,Entertainment
sony liv premium,Entertainment
HDFC/SONY LIV PREMIUM,Entertainment
ICICI/08JAN25/SONY LIV PREMIUM,Entertainment
ECS/SONY LIV PREMIUM,Entertainment
UPI/DR/429384729/SONY LIV PREMIUM,Entertainment
08JAN25/SONY LIV PREMIUM,Entertainment
SBI/SONY LIV PREMIUM,Entertainment
SONY*LIV*PREMIUM,Entertainment
05JUL25/ZEE5 SUBSCRIPTION,Entertainment
ZEE5 SUBSCRIPTION,Entertainment
ZEE5 SUBSCRIPTION/IMPS29384728,Entertainment
ZEE5 SUBSCRIPTION/TXN834729834,Entertainment
UPI/CR/839472038/ZEE5 SUBSCRIPTION,Entertainment
IMPS/ZEE5 SUBSCRIPTION,Entertainment
SBI/ZEE5 SUBSCRIPTION,Entertainment
zee5 subscription,Entertainment
HDFC/ZEE5 SUBSCRIPTION,Entertainment
ZEE5*SUBSCRIPTION,Entertainment
UPI/DR/429384729/ZEE5 SUBSCRIPTION,Entertainment
ICICI/05JUL25/ZEE5 SUBSCRIPTION,Entertainment
UPI/CR/839472038/APPLE TV PLUS,Entertainment
ACH/APPLE TV PLUS,Entertainment
APPLE TV PLUS,Entertainment
HDFC/APPLE TV PLUS,Entertainment
ICICI/15FEB25/APPLE TV PLUS,Entertainment
APPLE TV PLUS/IMPS29384728,Entertainment
apple tv plus,Entertainment
APPLE TV PLUS/TXN834729834,Entertainment
15FEB25/APPLE TV PLUS,Entertainment
UPI/DR/429384729/APPLE TV PLUS,Entertainment
APPLE*TV*PLUS,Entertainment
SBI/APPLE TV PLUS,Entertainment
HDFC/MXPLAYER PRO,Entertainment
MXPLAYER*PRO,Entertainment
05JUL25/MXPLAYER PRO,Entertainment
MXPLAYER PRO/TXN834729834,Entertainment
SBI/MXPLAYER PRO,Entertainment
MXPLAYER PRO/IMPS29384728,Entertainment
NACH/MXPLAYER PRO,Entertainment
mxplayer pro,Entertainment
ICICI/05JUL25/MXPLAYER PRO,Entertainment
MXPLAYER PRO,Entertainment
UPI/DR/429384729/MXPLAYER PRO,Entertainment
UPI/CR/839472038/MXPLAYER PRO,Entertainment
ICICI/08JAN25/VOOT PREMIUM,Entertainment
08JAN25/VOOT PREMIUM,Entertainment
UPI/DR/429384729/VOOT PREMIUM,Entertainment
ECS/VOOT PREMIUM,Entertainment
VOOT PREMIUM/IMPS29384728,Entertainment
voot premium,Entertainment
VOOT PREMIUM,Entertainment
UPI/CR/839472038/VOOT PREMIUM,Entertainment
HDFC/VOOT PREMIUM,Entertainment
SBI/VOOT PREMIUM,Entertainment
VOOT PREMIUM/TXN834729834,Entertainment
VOOT*PREMIUM,Entertainment
SBI/SPOTIFY PREMIUM INDIA,Entertainment
01APR25/SPOTIFY PREMIUM INDIA,Entertainment
SPOTIFY PREMIUM INDIA/TXN834729834,Entertainment
SPOTIFY PREMIUM INDIA,Entertainment
HDFC/SPOTIFY PREMIUM INDIA,Entertainment
UPI/DR/429384729/SPOTIFY PREMIUM INDIA,Entertainment
SPOTIFY*PREMIUM*INDIA,Entertainment
spotify premium india,Entertainment
SPOTIFY PREMIUM INDIA/IMPS29384728,Entertainment
UPI/CR/839472038/SPOTIFY PREMIUM INDIA,Entertainment
IMPS/SPOTIFY PREMIUM INDIA,Entertainment
ICICI/01APR25/SPOTIFY PREMIUM INDIA,Entertainment
JIOSAAVN PRO/TXN834729834,Entertainment
08JAN25/JIOSAAVN PRO,Entertainment
ACH/JIOSAAVN PRO,Entertainment
UPI/DR/429384729/JIOSAAVN PRO,Entertainment
HDFC/JIOSAAVN PRO,Entertainment
ICICI/08JAN25/JIOSAAVN PRO,Entertainment
JIOSAAVN*PRO,Entertainment
JIOSAAVN PRO,Entertainment
SBI/JIOSAAVN PRO,Entertainment
JIOSAAVN PRO/IMPS29384728,Entertainment
UPI/CR/839472038/JIOSAAVN PRO,Entertainment
jiosaavn pro,Entertainment
HDFC/GAANA PLUS,Entertainment
GAANA PLUS/TXN834729834,Entertainment
ICICI/05JUL25/GAANA PLUS,Entertainment
UPI/DR/429384729/GAANA PLUS,Entertainment
UPI/CR/839472038/GAANA PLUS,Entertainment
SBI/GAANA PLUS,Entertainment
GAANA PLUS/IMPS29384728,Entertainment
GAANA PLUS,Entertainment
GAANA*PLUS,Entertainment
gaana plus,Entertainment
05JUL25/GAANA PLUS,Entertainment
NEFT/GAANA PLUS,Entertainment
BOOKMYSHOW TICKET,Entertainment
BOOKMYSHOW TICKET/TXN834729834,Entertainment
ICICI/08JAN25/BOOKMYSHOW TICKET,Entertainment
UPI/DR/429384729/BOOKMYSHOW TICKET,Entertainment
NEFT/BOOKMYSHOW TICKET,Entertainment
BOOKMYSHOW TICKET/IMPS29384728,Entertainment
UPI/CR/839472038/BOOKMYSHOW TICKET,Entertainment
SBI/BOOKMYSHOW TICKET,Entertainment
HDFC/BOOKMYSHOW TICKET,Entertainment
bookmyshow ticket,Entertainment
BOOKMYSHOW*TICKET,Entertainment
08JAN25/BOOKMYSHOW TICKET,Entertainment
HDFC/PVR CINEMAS BOOKING,Entertainment
SBI/PVR CINEMAS BOOKING,Entertainment
UPI/CR/839472038/PVR CINEMAS BOOKING,Entertainment
PVR CINEMAS BOOKING,Entertainment
22MAR25/PVR CINEMAS BOOKING,Entertainment
NACH/PVR CINEMAS BOOKING,Entertainment
pvr cinemas booking,Entertainment
PVR*CINEMAS*BOOKING,Entertainment
PVR CINEMAS BOOKING/IMPS29384728,Entertainment
UPI/DR/429384729/PVR CINEMAS BOOKING,Entertainment
ICICI/22MAR25/PVR CINEMAS BOOKING,Entertainment
PVR CINEMAS BOOKING/TXN834729834,Entertainment
SBI/INOX MOVIES,Entertainment
UPI/CR/839472038/INOX MOVIES,Entertainment
INOX MOVIES/IMPS29384728,Entertainment
inox movies,Entertainment
INOX*MOVIES,Entertainment
IMPS/INOX MOVIES,Entertainment
ICICI/05JUL25/INOX MOVIES,Entertainment
HDFC/INOX MOVIES,Entertainment
UPI/DR/429384729/INOX MOVIES,Entertainment
INOX MOVIES,Entertainment
05JUL25/INOX MOVIES,Entertainment
INOX MOVIES/TXN834729834,Entertainment
CARNIVAL CINEMAS/TXN834729834,Entertainment
UPI/DR/429384729/CARNIVAL CINEMAS,Entertainment
HDFC/CARNIVAL CINEMAS,Entertainment
SBI/CARNIVAL CINEMAS,Entertainment
05JUL25/CARNIVAL CINEMAS,Entertainment
ICICI/05JUL25/CARNIVAL CINEMAS,Entertainment
CARNIVAL CINEMAS/IMPS29384728,Entertainment
carnival cinemas,Entertainment
UPI/CR/839472038/CARNIVAL CINEMAS,Entertainment
ECS/CARNIVAL CINEMAS,Entertainment
CARNIVAL*CINEMAS,Entertainment
CARNIVAL CINEMAS,Entertainment
SBI/PAYTM MOVIES,Entertainment
UPI/DR/429384729/PAYTM MOVIES,Entertainment
ICICI/08JAN25/PAYTM MOVIES,Entertainment
PAYTM MOVIES/TXN834729834,Entertainment
HDFC/PAYTM MOVIES,Entertainment
PAYTM MOVIES,Entertainment
paytm movies,Entertainment
PAYTM MOVIES/IMPS29384728,Entertainment
08JAN25/PAYTM MOVIES,Entertainment
NEFT/PAYTM MOVIES,Entertainment
UPI/CR/839472038/PAYTM MOVIES,Entertainment
PAYTM*MOVIES,Entertainment
UPI/CR/839472038/STEAM GAME PURCHASE,Entertainment
STEAM GAME PURCHASE/IMPS29384728,Entertainment
10MAY25/STEAM GAME PURCHASE,Entertainment
steam game purchase,Entertainment
ICICI/10MAY25/STEAM GAME PURCHASE,Entertainment
STEAM GAME PURCHASE/TXN834729834,Entertainment
HDFC/STEAM GAME PURCHASE,Entertainment
UPI/DR/429384729/STEAM GAME PURCHASE,Entertainment
SBI/STEAM GAME PURCHASE,Entertainment
IMPS/STEAM GAME PURCHASE,Entertainment
STEAM*GAME*PURCHASE,Entertainment
STEAM GAME PURCHASE,Entertainment
HDFC/GOOGLE PLAY GAMES,Entertainment
GOOGLE PLAY GAMES,Entertainment
ACH/GOOGLE PLAY GAMES,Entertainment
GOOGLE PLAY GAMES/TXN834729834,Entertainment
GOOGLE*PLAY*GAMES,Entertainment
15FEB25/GOOGLE PLAY GAMES,Entertainment
GOOGLE PLAY GAMES/IMPS29384728,Entertainment
SBI/GOOGLE PLAY GAMES,Entertainment
UPI/CR/839472038/GOOGLE PLAY GAMES,Entertainment
ICICI/15FEB25/GOOGLE PLAY GAMES,Entertainment
UPI/DR/429384729/GOOGLE PLAY GAMES,Entertainment
google play games,Entertainment
SBI/MPL PRO GAMES,Entertainment
MPL PRO GAMES,Entertainment
MPL PRO GAMES/TXN834729834,Entertainment
ICICI/01APR25/MPL PRO GAMES,Entertainment
01APR25/MPL PRO GAMES,Entertainment
MPL*PRO*GAMES,Entertainment
IMPS/MPL PRO GAMES,Entertainment
mpl pro games,Entertainment
UPI/DR/429384729/MPL PRO GAMES,Entertainment
HDFC/MPL PRO GAMES,Entertainment
UPI/CR/839472038/MPL PRO GAMES,Entertainment
MPL PRO GAMES/IMPS29384728,Entertainment
UPI/DR/429384729/DREAM11 ENTRY,Entertainment
DREAM11 ENTRY/TXN834729834,Entertainment
dream11 entry,Entertainment
HDFC/DREAM11 ENTRY,Entertainment
15FEB25/DREAM11 ENTRY,Entertainment
ICICI/15FEB25/DREAM11 ENTRY,Entertainment
DREAM11*ENTRY,Entertainment
DREAM11 ENTRY,Entertainment
DREAM11 ENTRY/IMPS29384728,Entertainment
SBI/DREAM11 ENTRY,Entertainment
UPI/CR/839472038/DREAM11 ENTRY,Entertainment
ECS/DREAM11 ENTRY,Entertainment
HDFC/MY11CIRCLE PAYMENT,Entertainment
SBI/MY11CIRCLE PAYMENT,Entertainment
NACH/MY11CIRCLE PAYMENT,Entertainment
MY11CIRCLE PAYMENT/IMPS29384728,Entertainment
UPI/CR/839472038/MY11CIRCLE PAYMENT,Entertainment
MY11CIRCLE PAYMENT,Entertainment
UPI/DR/429384729/MY11CIRCLE PAYMENT,Entertainment
01APR25/MY11CIRCLE PAYMENT,Entertainment
MY11CIRCLE*PAYMENT,Entertainment
ICICI/01APR25/MY11CIRCLE PAYMENT,Entertainment
MY11CIRCLE PAYMENT/TXN834729834,Entertainment
my11circle payment,Entertainment
udemy course purchase,Other
ICICI/01APR25/UDEMY COURSE PURCHASE,Other
01APR25/UDEMY COURSE PURCHASE,Other
IMPS/UDEMY COURSE PURCHASE,Other
UPI/DR/429384729/UDEMY COURSE PURCHASE,Other
UDEMY COURSE PURCHASE/IMPS29384728,Other
UDEMY*COURSE*PURCHASE,Other
UDEMY COURSE PURCHASE/TXN834729834,Other
UPI/CR/839472038/UDEMY COURSE PURCHASE,Other
UDEMY COURSE PURCHASE,Other
HDFC/UDEMY COURSE PURCHASE,Other
SBI/UDEMY COURSE PURCHASE,Other
UPI/CR/839472038/COURSERA SUBSCRIPTION,Other
ACH/COURSERA SUBSCRIPTION,Other
20JUN25/COURSERA SUBSCRIPTION,Other
coursera subscription,Other
ICICI/20JUN25/COURSERA SUBSCRIPTION,Other
UPI/DR/429384729/COURSERA SUBSCRIPTION,Other
COURSERA SUBSCRIPTION/TXN834729834,Other
COURSERA SUBSCRIPTION/IMPS29384728,Other
HDFC/COURSERA SUBSCRIPTION,Other
SBI/COURSERA SUBSCRIPTION,Other
COURSERA SUBSCRIPTION,Other
COURSERA*SUBSCRIPTION,Other
UNACADEMY PLUS PLAN,Other
UPI/CR/839472038/UNACADEMY PLUS PLAN,Other
SBI/UNACADEMY PLUS PLAN,Other
UPI/DR/429384729/UNACADEMY PLUS PLAN,Other
UNACADEMY PLUS PLAN/IMPS29384728,Other
UNACADEMY*PLUS*PLAN,Other
NEFT/UNACADEMY PLUS PLAN,Other
ICICI/01APR25/UNACADEMY PLUS PLAN,Other
unacademy plus plan,Other
01APR25/UNACADEMY PLUS PLAN,Other
UNACADEMY PLUS PLAN/TXN834729834,Other
HDFC/UNACADEMY PLUS PLAN,Other
BYJUS SUBSCRIPTION,Other
IMPS/BYJUS SUBSCRIPTION,Other
BYJUS*SUBSCRIPTION,Other
byjus subscription,Other
HDFC/BYJUS SUBSCRIPTION,Other
ICICI/01APR25/BYJUS SUBSCRIPTION,Other
SBI/BYJUS SUBSCRIPTION,Other
UPI/CR/839472038/BYJUS SUBSCRIPTION,Other
BYJUS SUBSCRIPTION/IMPS29384728,Other
UPI/DR/429384729/BYJUS SUBSCRIPTION,Other
01APR25/BYJUS SUBSCRIPTION,Other
BYJUS SUBSCRIPTION/TXN834729834,Other
UPI/DR/429384729/VEDANTU CLASS,Other
SBI/VEDANTU CLASS,Other
VEDANTU*CLASS,Other
UPI/CR/839472038/VEDANTU CLASS,Other
VEDANTU CLASS/IMPS29384728,Other
05JUL25/VEDANTU CLASS,Other
vedantu class,Other
HDFC/VEDANTU CLASS,Other
ICICI/05JUL25/VEDANTU CLASS,Other
VEDANTU CLASS,Other
ECS/VEDANTU CLASS,Other
VEDANTU CLASS/TXN834729834,Other
UPI/CR/839472038/AWS CERTIFICATION FEE,Other
ICICI/05JUL25/AWS CERTIFICATION FEE,Other
SBI/AWS CERTIFICATION FEE,Other
AWS CERTIFICATION FEE/IMPS29384728,Other
AWS CERTIFICATION FEE,Other
aws certification fee,Other
AWS*CERTIFICATION*FEE,Other
NACH/AWS CERTIFICATION FEE,Other
05JUL25/AWS CERTIFICATION FEE,Other
AWS CERTIFICATION FEE/TXN834729834,Other
UPI/DR/429384729/AWS CERTIFICATION FEE,Other
HDFC/AWS CERTIFICATION FEE,Other
GOOGLE CLOUD EXAM/TXN834729834,Other
05JUL25/GOOGLE CLOUD EXAM,Other
HDFC/GOOGLE CLOUD EXAM,Other
GOOGLE CLOUD EXAM,Other
GOOGLE CLOUD EXAM/IMPS29384728,Other
google cloud exam,Other
ICICI/05JUL25/GOOGLE CLOUD EXAM,Other
UPI/CR/839472038/GOOGLE CLOUD EXAM,Other
ECS/GOOGLE CLOUD EXAM,Other
SBI/GOOGLE CLOUD EXAM,Other
UPI/DR/429384729/GOOGLE CLOUD EXAM,Other
GOOGLE*CLOUD*EXAM,Other
UPI/DR/429384729/MICROSOFT CERTIFY,Other
UPI/CR/839472038/MICROSOFT CERTIFY,Other
HDFC/MICROSOFT CERTIFY,Other
ECS/MICROSOFT CERTIFY,Other
20JUN25/MICROSOFT CERTIFY,Other
microsoft certify,Other
ICICI/20JUN25/MICROSOFT CERTIFY,Other
MICROSOFT CERTIFY/IMPS29384728,Other
MICROSOFT CERTIFY,Other
MICROSOFT*CERTIFY,Other
MICROSOFT CERTIFY/TXN834729834,Other
SBI/MICROSOFT CERTIFY,Other
HDFC/COLLEGE FEE PAYMENT,Other
SBI/COLLEGE FEE PAYMENT,Other
COLLEGE FEE PAYMENT/IMPS29384728,Other
ACH/COLLEGE FEE PAYMENT,Other
COLLEGE*FEE*PAYMENT,Other
college fee payment,Other
UPI/CR/839472038/COLLEGE FEE PAYMENT,Other
UPI/DR/429384729/COLLEGE FEE PAYMENT,Other
COLLEGE FEE PAYMENT/TXN834729834,Other
COLLEGE FEE PAYMENT,Other
ICICI/20JUN25/COLLEGE FEE PAYMENT,Other
20JUN25/COLLEGE FEE PAYMENT,Other
UNIVERSITY EXAM FEE/TXN834729834,Other
ECS/UNIVERSITY EXAM FEE,Other
UPI/DR/429384729/UNIVERSITY EXAM FEE,Other
university exam fee,Other
UNIVERSITY EXAM FEE,Other
20JUN25/UNIVERSITY EXAM FEE,Other
SBI/UNIVERSITY EXAM FEE,Other
UNIVERSITY*EXAM*FEE,Other
UNIVERSITY EXAM FEE/IMPS29384728,Other
ICICI/20JUN25/UNIVERSITY EXAM FEE,Other
UPI/CR/839472038/UNIVERSITY EXAM FEE,Other
HDFC/UNIVERSITY EXAM FEE,Other
UPI/DR/429384729/HOSTEL FEE,Other
ICICI/08JAN25/HOSTEL FEE,Other
HDFC/HOSTEL FEE,Other
SBI/HOSTEL FEE,Other
HOSTEL FEE/IMPS29384728,Other
08JAN25/HOSTEL FEE,Other
HOSTEL*FEE,Other
hostel fee,Other
UPI/CR/839472038/HOSTEL FEE,Other
IMPS/HOSTEL FEE,Other
HOSTEL FEE,Other
HOSTEL FEE/TXN834729834,Other
NEET*UG*FEE,Other
UPI/DR/429384729/NEET UG FEE,Other
NEET UG FEE/IMPS29384728,Other
NACH/NEET UG FEE,Other
neet ug fee,Other
SBI/NEET UG FEE,Other
10MAY25/NEET UG FEE,Other
NEET UG FEE,Other
HDFC/NEET UG FEE,Other
NEET UG FEE/TXN834729834,Other
ICICI/10MAY25/NEET UG FEE,Other
UPI/CR/839472038/NEET UG FEE,Other
jee form fee,Other
JEE FORM FEE,Other
JEE FORM FEE/IMPS29384728,Other
UPI/CR/839472038/JEE FORM FEE,Other
IMPS/JEE FORM FEE,Other
SBI/JEE FORM FEE,Other
HDFC/JEE FORM FEE,Other
ICICI/01APR25/JEE FORM FEE,Other
JEE*FORM*FEE,Other
JEE FORM FEE/TXN834729834,Other
UPI/DR/429384729/JEE FORM FEE,Other
01APR25/JEE FORM FEE,Other
15FEB25/AMAZON BOOKS ORDER,Other
AMAZON*BOOKS*ORDER,Other
SBI/AMAZON BOOKS ORDER,Other
HDFC/AMAZON BOOKS ORDER,Other
UPI/DR/429384729/AMAZON BOOKS ORDER,Other
amazon books order,Other
NEFT/AMAZON BOOKS ORDER,Other
AMAZON BOOKS ORDER/TXN834729834,Other
ICICI/15FEB25/AMAZON BOOKS ORDER,Other
AMAZON BOOKS ORDER,Other
UPI/CR/839472038/AMAZON BOOKS ORDER,Other
AMAZON BOOKS ORDER/IMPS29384728,Other
flipkart books,Other
FLIPKART BOOKS/IMPS29384728,Other
FLIPKART*BOOKS,Other
HDFC/FLIPKART BOOKS,Other
05JUL25/FLIPKART BOOKS,Other
NACH/FLIPKART BOOKS,Other
FLIPKART BOOKS/TXN834729834,Other
SBI/FLIPKART BOOKS,Other
ICICI/05JUL25/FLIPKART BOOKS,Other
UPI/CR/839472038/FLIPKART BOOKS,Other
FLIPKART BOOKS,Other
UPI/DR/429384729/FLIPKART BOOKS,Other
IMPS/CROSSWORD STORE,Other
CROSSWORD STORE/TXN834729834,Other
20JUN25/CROSSWORD STORE,Other
SBI/CROSSWORD STORE,Other
ICICI/20JUN25/CROSSWORD STORE,Other
CROSSWORD STORE/IMPS29384728,Other
UPI/CR/839472038/CROSSWORD STORE,Other
UPI/DR/429384729/CROSSWORD STORE,Other
HDFC/CROSSWORD STORE,Other
CROSSWORD*STORE,Other
CROSSWORD STORE,Other
crossword store,Other
PHYSICS WALLAH,Other
ICICI/22MAR25/PHYSICS WALLAH,Other
UPI/CR/839472038/PHYSICS WALLAH,Other
SBI/PHYSICS WALLAH,Other
NACH/PHYSICS WALLAH,Other
PHYSICS*WALLAH,Other
PHYSICS WALLAH/TXN834729834,Other
physics wallah,Other
PHYSICS WALLAH/IMPS29384728,Other
UPI/DR/429384729/PHYSICS WALLAH,Other
HDFC/PHYSICS WALLAH,Other
22MAR25/PHYSICS WALLAH,Other
whiteboard learning,Other
WHITEBOARD LEARNING/TXN834729834,Other
SBI/WHITEBOARD LEARNING,Other
10MAY25/WHITEBOARD LEARNING,Other
UPI/DR/429384729/WHITEBOARD LEARNING,Other
WHITEBOARD*LEARNING,Other
UPI/CR/839472038/WHITEBOARD LEARNING,Other
NEFT/WHITEBOARD LEARNING,Other
WHITEBOARD LEARNING,Other
ICICI/10MAY25/WHITEBOARD LEARNING,Other
WHITEBOARD LEARNING/IMPS29384728,Other
HDFC/WHITEBOARD LEARNING,Other
ECS/ZERODHA BROKERAGE,Investments
ICICI/15FEB25/ZERODHA BROKERAGE,Investments
SBI/ZERODHA BROKERAGE,Investments
UPI/DR/429384729/ZERODHA BROKERAGE,Investments
UPI/CR/839472038/ZERODHA BROKERAGE,Investments
ZERODHA BROKERAGE/IMPS29384728,Investments
15FEB25/ZERODHA BROKERAGE,Investments
ZERODHA BROKERAGE/TXN834729834,Investments
ZERODHA*BROKERAGE,Investments
ZERODHA BROKERAGE,Investments
HDFC/ZERODHA BROKERAGE,Investments
zerodha brokerage,Investments
groww mutual fund sip,Investments
GROWW MUTUAL FUND SIP/TXN834729834,Investments
05JUL25/GROWW MUTUAL FUND SIP,Investments
UPI/DR/429384729/GROWW MUTUAL FUND SIP,Investments
ICICI/05JUL25/GROWW MUTUAL FUND SIP,Investments
UPI/CR/839472038/GROWW MUTUAL FUND SIP,Investments
GROWW MUTUAL FUND SIP/IMPS29384728,Investments
HDFC/GROWW MUTUAL FUND SIP,Investments
GROWW*MUTUAL*FUND*SIP,Investments
NACH/GROWW MUTUAL FUND SIP,Investments
SBI/GROWW MUTUAL FUND SIP,Investments
GROWW MUTUAL FUND SIP,Investments
HDFC/COIN ZERODHA,Investments
COIN ZERODHA,Investments
COIN ZERODHA/TXN834729834,Investments
UPI/CR/839472038/COIN ZERODHA,Investments
SBI/COIN ZERODHA,Investments
ICICI/15FEB25/COIN ZERODHA,Investments
15FEB25/COIN ZERODHA,Investments
IMPS/COIN ZERODHA,Investments
coin zerodha,Investments
UPI/DR/429384729/COIN ZERODHA,Investments
COIN*ZERODHA,Investments
COIN ZERODHA/IMPS29384728,Investments
SBI/ANGEL ONE CHARGES,Investments
UPI/CR/839472038/ANGEL ONE CHARGES,Investments
ANGEL*ONE*CHARGES,Investments
ANGEL ONE CHARGES/TXN834729834,Investments
HDFC/ANGEL ONE CHARGES,Investments
angel one charges,Investments
ICICI/01APR25/ANGEL ONE CHARGES,Investments
IMPS/ANGEL ONE CHARGES,Investments
01APR25/ANGEL ONE CHARGES,Investments
ANGEL ONE CHARGES/IMPS29384728,Investments
ANGEL ONE CHARGES,Investments
UPI/DR/429384729/ANGEL ONE CHARGES,Investments
10MAY25/UPSTOX BROKERAGE,Investments
UPSTOX*BROKERAGE,Investments
ICICI/10MAY25/UPSTOX BROKERAGE,Investments
HDFC/UPSTOX BROKERAGE,Investments
UPSTOX BROKERAGE/IMPS29384728,Investments
UPI/DR/429384729/UPSTOX BROKERAGE,Investments
NEFT/UPSTOX BROKERAGE,Investments
UPSTOX BROKERAGE,Investments
SBI/UPSTOX BROKERAGE,Investments
upstox brokerage,Investments
UPI/CR/839472038/UPSTOX BROKERAGE,Investments
UPSTOX BROKERAGE/TXN834729834,Investments
PAYTM MONEY SIP/TXN834729834,Investments
PAYTM MONEY SIP,Investments
IMPS/PAYTM MONEY SIP,Investments
paytm money sip,Investments
SBI/PAYTM MONEY SIP,Investments
UPI/CR/839472038/PAYTM MONEY SIP,Investments
PAYTM MONEY SIP/IMPS29384728,Investments
PAYTM*MONEY*SIP,Investments
UPI/DR/429384729/PAYTM MONEY SIP,Investments
HDFC/PAYTM MONEY SIP,Investments
ICICI/10MAY25/PAYTM MONEY SIP,Investments
10MAY25/PAYTM MONEY SIP,Investments
ET MONEY SIP/IMPS29384728,Investments
SBI/ET MONEY SIP,Investments
HDFC/ET MONEY SIP,Investments
et money sip,Investments
UPI/CR/839472038/ET MONEY SIP,Investments
ET MONEY SIP,Investments
ET*MONEY*SIP,Investments
NEFT/ET MONEY SIP,Investments
ET MONEY SIP/TXN834729834,Investments
08JAN25/ET MONEY SIP,Investments
UPI/DR/429384729/ET MONEY SIP,Investments
ICICI/08JAN25/ET MONEY SIP,Investments
LIC PREMIUM PAYMENT/TXN834729834,Investments
HDFC/LIC PREMIUM PAYMENT,Investments
ICICI/15FEB25/LIC PREMIUM PAYMENT,Investments
LIC*PREMIUM*PAYMENT,Investments
lic premium payment,Investments
LIC PREMIUM PAYMENT/IMPS29384728,Investments
UPI/DR/429384729/LIC PREMIUM PAYMENT,Investments
15FEB25/LIC PREMIUM PAYMENT,Investments
SBI/LIC PREMIUM PAYMENT,Investments
LIC PREMIUM PAYMENT,Investments
ECS/LIC PREMIUM PAYMENT,Investments
UPI/CR/839472038/LIC PREMIUM PAYMENT,Investments
HDFC LIFE PREMIUM/IMPS29384728,Investments
SBI/HDFC LIFE PREMIUM,Investments
hdfc life premium,Investments
10MAY25/HDFC LIFE PREMIUM,Investments
ECS/HDFC LIFE PREMIUM,Investments
HDFC LIFE PREMIUM/TXN834729834,Investments
HDFC LIFE PREMIUM,Investments
UPI/DR/429384729/HDFC LIFE PREMIUM,Investments
HDFC*LIFE*PREMIUM,Investments
UPI/CR/839472038/HDFC LIFE PREMIUM,Investments
ICICI/10MAY25/HDFC LIFE PREMIUM,Investments
HDFC/HDFC LIFE PREMIUM,Investments
icici prudential premium,Investments
20JUN25/ICICI PRUDENTIAL PREMIUM,Investments
NEFT/ICICI PRUDENTIAL PREMIUM,Investments
ICICI/20JUN25/ICICI PRUDENTIAL PREMIUM,Investments
SBI/ICICI PRUDENTIAL PREMIUM,Investments
ICICI PRUDENTIAL PREMIUM,Investments
UPI/CR/839472038/ICICI PRUDENTIAL PREMIUM,Investments
ICICI PRUDENTIAL PREMIUM/IMPS29384728,Investments
UPI/DR/429384729/ICICI PRUDENTIAL PREMIUM,Investments
ICICI*PRUDENTIAL*PREMIUM,Investments
ICICI PRUDENTIAL PREMIUM/TXN834729834,Investments
HDFC/ICICI PRUDENTIAL PREMIUM,Investments
SBI LIFE PREMIUM/IMPS29384728,Investments
NEFT/SBI LIFE PREMIUM,Investments
UPI/CR/839472038/SBI LIFE PREMIUM,Investments
ICICI/15FEB25/SBI LIFE PREMIUM,Investments
SBI/SBI LIFE PREMIUM,Investments
SBI LIFE PREMIUM,Investments
sbi life premium,Investments
SBI LIFE PREMIUM/TXN834729834,Investments
15FEB25/SBI LIFE PREMIUM,Investments
SBI*LIFE*PREMIUM,Investments
UPI/DR/429384729/SBI LIFE PREMIUM,Investments
HDFC/SBI LIFE PREMIUM,Investments
SBI/BAJAJ ALLIANZ POLICY,Investments
BAJAJ ALLIANZ POLICY/TXN834729834,Investments
UPI/CR/839472038/BAJAJ ALLIANZ POLICY,Investments
BAJAJ ALLIANZ POLICY,Investments
ECS/BAJAJ ALLIANZ POLICY,Investments
HDFC/BAJAJ ALLIANZ POLICY,Investments
15FEB25/BAJAJ ALLIANZ POLICY,Investments
UPI/DR/429384729/BAJAJ ALLIANZ POLICY,Investments
BAJAJ ALLIANZ POLICY/IMPS29384728,Investments
ICICI/15FEB25/BAJAJ ALLIANZ POLICY,Investments
BAJAJ*ALLIANZ*POLICY,Investments
bajaj allianz policy,Investments
NSDL PAN SERVICES/TXN834729834,Investments
SBI/NSDL PAN SERVICES,Investments
nsdl pan services,Investments
ICICI/20JUN25/NSDL PAN SERVICES,Investments
NSDL PAN SERVICES/IMPS29384728,Investments
20JUN25/NSDL PAN SERVICES,Investments
HDFC/NSDL PAN SERVICES,Investments
IMPS/NSDL PAN SERVICES,Investments
NSDL PAN SERVICES,Investments
NSDL*PAN*SERVICES,Investments
UPI/DR/429384729/NSDL PAN SERVICES,Investments
UPI/CR/839472038/NSDL PAN SERVICES,Investments
HDFC/CREDIT CARD BILL PAYMENT,Investments
ICICI/05JUL25/CREDIT CARD BILL PAYMENT,Investments
credit card bill payment,Investments
UPI/DR/429384729/CREDIT CARD BILL PAYMENT,Investments
CREDIT CARD BILL PAYMENT,Investments
CREDIT*CARD*BILL*PAYMENT,Investments
CREDIT CARD BILL PAYMENT/TXN834729834,Investments
UPI/CR/839472038/CREDIT CARD BILL PAYMENT,Investments
ECS/CREDIT CARD BILL PAYMENT,Investments
05JUL25/CREDIT CARD BILL PAYMENT,Investments
SBI/CREDIT CARD BILL PAYMENT,Investments
CREDIT CARD BILL PAYMENT/IMPS29384728,Investments
ECS/HOME LOAN EMI HDFC,Investments
HDFC/HOME LOAN EMI HDFC,Investments
HOME LOAN EMI HDFC,Investments
HOME LOAN EMI HDFC/IMPS29384728,Investments
SBI/HOME LOAN EMI HDFC,Investments
ICICI/05JUL25/HOME LOAN EMI HDFC,Investments
UPI/CR/839472038/HOME LOAN EMI HDFC,Investments
05JUL25/HOME LOAN EMI HDFC,Investments
UPI/DR/429384729/HOME LOAN EMI HDFC,Investments
HOME*LOAN*EMI*HDFC,Investments
home loan emi hdfc,Investments
HOME LOAN EMI HDFC/TXN834729834,Investments
CAR LOAN EMI ICICI/TXN834729834,Investments
UPI/DR/429384729/CAR LOAN EMI ICICI,Investments
ICICI/22MAR25/CAR LOAN EMI ICICI,Investments
CAR*LOAN*EMI*ICICI,Investments
NACH/CAR LOAN EMI ICICI,Investments
22MAR25/CAR LOAN EMI ICICI,Investments
car loan emi icici,Investments
CAR LOAN EMI ICICI/IMPS29384728,Investments
SBI/CAR LOAN EMI ICICI,Investments
CAR LOAN EMI ICICI,Investments
UPI/CR/839472038/CAR LOAN EMI ICICI,Investments
HDFC/CAR LOAN EMI ICICI,Investments
SBI/LOAN EMI PAYMENT,Investments
NEFT/LOAN EMI PAYMENT,Investments
UPI/CR/839472038/LOAN EMI PAYMENT,Investments
ICICI/15FEB25/LOAN EMI PAYMENT,Investments
UPI/DR/429384729/LOAN EMI PAYMENT,Investments
LOAN EMI PAYMENT/TXN834729834,Investments
loan emi payment,Investments
HDFC/LOAN EMI PAYMENT,Investments
LOAN*EMI*PAYMENT,Investments
15FEB25/LOAN EMI PAYMENT,Investments
LOAN EMI PAYMENT,Investments
LOAN EMI PAYMENT/IMPS29384728,Investments
MIRAE ASSET MF,Investments
HDFC/MIRAE ASSET MF,Investments
UPI/CR/839472038/MIRAE ASSET MF,Investments
MIRAE*ASSET*MF,Investments
08JAN25/MIRAE ASSET MF,Investments
ICICI/08JAN25/MIRAE ASSET MF,Investments
mirae asset mf,Investments
MIRAE ASSET MF/TXN834729834,Investments
SBI/MIRAE ASSET MF,Investments
MIRAE ASSET MF/IMPS29384728,Investments
IMPS/MIRAE ASSET MF,Investments
UPI/DR/429384729/MIRAE ASSET MF,Investments
NEFT*TO*SELF*ACCOUNT,Transfers
NEFT TO SELF ACCOUNT,Transfers
SBI/NEFT TO SELF ACCOUNT,Transfers
neft to self account,Transfers
ICICI/08JAN25/NEFT TO SELF ACCOUNT,Transfers
HDFC/NEFT TO SELF ACCOUNT,Transfers
NEFT TO SELF ACCOUNT/IMPS29384728,Transfers
NEFT TO SELF ACCOUNT/TXN834729834,Transfers
UPI/DR/429384729/NEFT TO SELF ACCOUNT,Transfers
ACH/NEFT TO SELF ACCOUNT,Transfers
UPI/CR/839472038/NEFT TO SELF ACCOUNT,Transfers
08JAN25/NEFT TO SELF ACCOUNT,Transfers
IMPS SELF TRANSFER,Transfers
imps self transfer,Transfers
ICICI/22MAR25/IMPS SELF TRANSFER,Transfers
IMPS SELF TRANSFER/TXN834729834,Transfers
HDFC/IMPS SELF TRANSFER,Transfers
SBI/IMPS SELF TRANSFER,Transfers
UPI/CR/839472038/IMPS SELF TRANSFER,Transfers
IMPS SELF TRANSFER/IMPS29384728,Transfers
22MAR25/IMPS SELF TRANSFER,Transfers
UPI/DR/429384729/IMPS SELF TRANSFER,Transfers
IMPS*SELF*TRANSFER,Transfers
ACH/IMPS SELF TRANSFER,Transfers
UPI SELF TRANSFER/TXN834729834,Transfers
UPI*SELF*TRANSFER,Transfers
SBI/UPI SELF TRANSFER,Transfers
UPI/CR/839472038/UPI SELF TRANSFER,Transfers
HDFC/UPI SELF TRANSFER,Transfers
10MAY25/UPI SELF TRANSFER,Transfers
ICICI/10MAY25/UPI SELF TRANSFER,Transfers
UPI SELF TRANSFER/IMPS29384728,Transfers
upi self transfer,Transfers
UPI/DR/429384729/UPI SELF TRANSFER,Transfers
NACH/UPI SELF TRANSFER,Transfers
UPI SELF TRANSFER,Transfers
UPI/CR/839472038/SWEEP TO FD,Transfers
22MAR25/SWEEP TO FD,Transfers
SWEEP TO FD/IMPS29384728,Transfers
ICICI/22MAR25/SWEEP TO FD,Transfers
SWEEP TO FD,Transfers
SWEEP*TO*FD,Transfers
SWEEP TO FD/TXN834729834,Transfers
NACH/SWEEP TO FD,Transfers
sweep to fd,Transfers
UPI/DR/429384729/SWEEP TO FD,Transfers
SBI/SWEEP TO FD,Transfers
HDFC/SWEEP TO FD,Transfers
UPI/CR/839472038/FD CREATION AMOUNT,Transfers
SBI/FD CREATION AMOUNT,Transfers
HDFC/FD CREATION AMOUNT,Transfers
FD CREATION AMOUNT,Transfers
05JUL25/FD CREATION AMOUNT,Transfers
FD CREATION AMOUNT/IMPS29384728,Transfers
ICICI/05JUL25/FD CREATION AMOUNT,Transfers
fd creation amount,Transfers
ECS/FD CREATION AMOUNT,Transfers
UPI/DR/429384729/FD CREATION AMOUNT,Transfers
FD*CREATION*AMOUNT,Transfers
FD CREATION AMOUNT/TXN834729834,Transfers
RD INSTALLMENT/IMPS29384728,Transfers
UPI/CR/839472038/RD INSTALLMENT,Transfers
RD INSTALLMENT,Transfers
UPI/DR/429384729/RD INSTALLMENT,Transfers
RD*INSTALLMENT,Transfers
RD INSTALLMENT/TXN834729834,Transfers
08JAN25/RD INSTALLMENT,Transfers
SBI/RD INSTALLMENT,Transfers
rd installment,Transfers
HDFC/RD INSTALLMENT,Transfers
ICICI/08JAN25/RD INSTALLMENT,Transfers
NACH/RD INSTALLMENT,Transfers
PPF CONTRIBUTION,Transfers
HDFC/PPF CONTRIBUTION,Transfers
SBI/PPF CONTRIBUTION,Transfers
ppf contribution,Transfers
15FEB25/PPF CONTRIBUTION,Transfers
UPI/DR/429384729/PPF CONTRIBUTION,Transfers
ICICI/15FEB25/PPF CONTRIBUTION,Transfers
ACH/PPF CONTRIBUTION,Transfers
UPI/CR/839472038/PPF CONTRIBUTION,Transfers
PPF CONTRIBUTION/TXN834729834,Transfers
PPF CONTRIBUTION/IMPS29384728,Transfers
PPF*CONTRIBUTION,Transfers
nps contribution,Transfers
NPS*CONTRIBUTION,Transfers
HDFC/NPS CONTRIBUTION,Transfers
NPS CONTRIBUTION/TXN834729834,Transfers
SBI/NPS CONTRIBUTION,Transfers
15FEB25/NPS CONTRIBUTION,Transfers
ICICI/15FEB25/NPS CONTRIBUTION,Transfers
UPI/DR/429384729/NPS CONTRIBUTION,Transfers
NPS CONTRIBUTION,Transfers
NEFT/NPS CONTRIBUTION,Transfers
UPI/CR/839472038/NPS CONTRIBUTION,Transfers
NPS CONTRIBUTION/IMPS29384728,Transfers
UPI/CR/839472038/IMPS TO FAMILY,Transfers
IMPS TO FAMILY,Transfers
HDFC/IMPS TO FAMILY,Transfers
IMPS TO FAMILY/TXN834729834,Transfers
ICICI/15FEB25/IMPS TO FAMILY,Transfers
15FEB25/IMPS TO FAMILY,Transfers
IMPS*TO*FAMILY,Transfers
ECS/IMPS TO FAMILY,Transfers
UPI/DR/429384729/IMPS TO FAMILY,Transfers
IMPS TO FAMILY/IMPS29384728,Transfers
imps to family,Transfers
SBI/IMPS TO FAMILY,Transfers
HDFC/NEFT TO SPOUSE,Transfers
SBI/NEFT TO SPOUSE,Transfers
22MAR25/NEFT TO SPOUSE,Transfers
UPI/CR/839472038/NEFT TO SPOUSE,Transfers
NEFT TO SPOUSE/TXN834729834,Transfers
UPI/DR/429384729/NEFT TO SPOUSE,Transfers
ICICI/22MAR25/NEFT TO SPOUSE,Transfers
neft to spouse,Transfers
NEFT TO SPOUSE/IMPS29384728,Transfers
NEFT TO SPOUSE,Transfers
NEFT*TO*SPOUSE,Transfers
ACH/NEFT TO SPOUSE,Transfers
SBI/UPI FAMILY TRANSFER,Transfers
UPI FAMILY TRANSFER/IMPS29384728,Transfers
HDFC/UPI FAMILY TRANSFER,Transfers
22MAR25/UPI FAMILY TRANSFER,Transfers
UPI FAMILY TRANSFER/TXN834729834,Transfers
UPI FAMILY TRANSFER,Transfers
UPI*FAMILY*TRANSFER,Transfers
ICICI/22MAR25/UPI FAMILY TRANSFER,Transfers
upi family transfer,Transfers
ECS/UPI FAMILY TRANSFER,Transfers
UPI/CR/839472038/UPI FAMILY TRANSFER,Transfers
UPI/DR/429384729/UPI FAMILY TRANSFER,Transfers
ACH/PAYTM WALLET TOPUP,Transfers
UPI/CR/839472038/PAYTM WALLET TOPUP,Transfers
PAYTM WALLET TOPUP/TXN834729834,Transfers
SBI/PAYTM WALLET TOPUP,Transfers
ICICI/10MAY25/PAYTM WALLET TOPUP,Transfers
paytm wallet topup,Transfers
PAYTM*WALLET*TOPUP,Transfers
PAYTM WALLET TOPUP,Transfers
HDFC/PAYTM WALLET TOPUP,Transfers
10MAY25/PAYTM WALLET TOPUP,Transfers
UPI/DR/429384729/PAYTM WALLET TOPUP,Transfers
PAYTM WALLET TOPUP/IMPS29384728,Transfers
01APR25/MOBIKWIK WALLET,Transfers
ICICI/01APR25/MOBIKWIK WALLET,Transfers
HDFC/MOBIKWIK WALLET,Transfers
MOBIKWIK WALLET/IMPS29384728,Transfers
MOBIKWIK WALLET/TXN834729834,Transfers
UPI/DR/429384729/MOBIKWIK WALLET,Transfers
mobikwik wallet,Transfers
SBI/MOBIKWIK WALLET,Transfers
IMPS/MOBIKWIK WALLET,Transfers
MOBIKWIK WALLET,Transfers
MOBIKWIK*WALLET,Transfers
UPI/CR/839472038/MOBIKWIK WALLET,Transfers
ICICI/01APR25/PHONEPE SELF,Transfers
PHONEPE SELF,Transfers
SBI/PHONEPE SELF,Transfers
PHONEPE*SELF,Transfers
ACH/PHONEPE SELF,Transfers
01APR25/PHONEPE SELF,Transfers
UPI/CR/839472038/PHONEPE SELF,Transfers
phonepe self,Transfers
PHONEPE SELF/TXN834729834,Transfers
PHONEPE SELF/IMPS29384728,Transfers
UPI/DR/429384729/PHONEPE SELF,Transfers
HDFC/PHONEPE SELF,Transfers
NACH/CRED PAYMENT,Transfers
UPI/CR/839472038/CRED PAYMENT,Transfers
cred payment,Transfers
SBI/CRED PAYMENT,Transfers
CRED PAYMENT/TXN834729834,Transfers
ICICI/08JAN25/CRED PAYMENT,Transfers
UPI/DR/429384729/CRED PAYMENT,Transfers
CRED*PAYMENT,Transfers
HDFC/CRED PAYMENT,Transfers
CRED PAYMENT,Transfers
CRED PAYMENT/IMPS29384728,Transfers
08JAN25/CRED PAYMENT,Transfers
FUND TRANSFER OWN,Transfers
fund transfer own,Transfers
UPI/DR/429384729/FUND TRANSFER OWN,Transfers
FUND TRANSFER OWN/IMPS29384728,Transfers
10MAY25/FUND TRANSFER OWN,Transfers
ICICI/10MAY25/FUND TRANSFER OWN,Transfers
NEFT/FUND TRANSFER OWN,Transfers
HDFC/FUND TRANSFER OWN,Transfers
SBI/FUND TRANSFER OWN,Transfers
FUND*TRANSFER*OWN,Transfers
UPI/CR/839472038/FUND TRANSFER OWN,Transfers
FUND TRANSFER OWN/TXN834729834,Transfers
SALARY CREDIT/TXN834729834,Income
20JUN25/SALARY CREDIT,Income
HDFC/SALARY CREDIT,Income
NEFT/SALARY CREDIT,Income
UPI/DR/429384729/SALARY CREDIT,Income
ICICI/20JUN25/SALARY CREDIT,Income
UPI/CR/839472038/SALARY CREDIT,Income
SBI/SALARY CREDIT,Income
SALARY*CREDIT,Income
SALARY CREDIT/IMPS29384728,Income
salary credit,Income
SALARY CREDIT,Income
NEFT*SALARY*INFOSYS,Income
NEFT SALARY INFOSYS/IMPS29384728,Income
HDFC/NEFT SALARY INFOSYS,Income
NACH/NEFT SALARY INFOSYS,Income
NEFT SALARY INFOSYS/TXN834729834,Income
neft salary infosys,Income
UPI/CR/839472038/NEFT SALARY INFOSYS,Income
05JUL25/NEFT SALARY INFOSYS,Income
UPI/DR/429384729/NEFT SALARY INFOSYS,Income
ICICI/05JUL25/NEFT SALARY INFOSYS,Income
NEFT SALARY INFOSYS,Income
SBI/NEFT SALARY INFOSYS,Income
HDFC/NEFT SALARY TCS,Income
NEFT SALARY TCS/IMPS29384728,Income
NEFT SALARY TCS,Income
ICICI/22MAR25/NEFT SALARY TCS,Income
22MAR25/NEFT SALARY TCS,Income
NACH/NEFT SALARY TCS,Income
UPI/DR/429384729/NEFT SALARY TCS,Income
SBI/NEFT SALARY TCS,Income
NEFT SALARY TCS/TXN834729834,Income
UPI/CR/839472038/NEFT SALARY TCS,Income
neft salary tcs,Income
NEFT*SALARY*TCS,Income
HDFC/PAYROLL CREDIT,Income
15FEB25/PAYROLL CREDIT,Income
PAYROLL CREDIT/TXN834729834,Income
UPI/DR/429384729/PAYROLL CREDIT,Income
ICICI/15FEB25/PAYROLL CREDIT,Income
ECS/PAYROLL CREDIT,Income
PAYROLL*CREDIT,Income
PAYROLL CREDIT,Income
PAYROLL CREDIT/IMPS29384728,Income
UPI/CR/839472038/PAYROLL CREDIT,Income
SBI/PAYROLL CREDIT,Income
payroll credit,Income
INCENTIVE CREDIT,Income
ACH/INCENTIVE CREDIT,Income
INCENTIVE CREDIT/TXN834729834,Income
SBI/INCENTIVE CREDIT,Income
HDFC/INCENTIVE CREDIT,Income
INCENTIVE CREDIT/IMPS29384728,Income
UPI/DR/429384729/INCENTIVE CREDIT,Income
INCENTIVE*CREDIT,Income
UPI/CR/839472038/INCENTIVE CREDIT,Income
incentive credit,Income
22MAR25/INCENTIVE CREDIT,Income
ICICI/22MAR25/INCENTIVE CREDIT,Income
ICICI/22MAR25/BONUS CREDIT,Income
BONUS CREDIT/TXN834729834,Income
SBI/BONUS CREDIT,Income
BONUS CREDIT/IMPS29384728,Income
BONUS CREDIT,Income
22MAR25/BONUS CREDIT,Income
UPI/DR/429384729/BONUS CREDIT,Income
BONUS*CREDIT,Income
HDFC/BONUS CREDIT,Income
bonus credit,Income
UPI/CR/839472038/BONUS CREDIT,Income
IMPS/BONUS CREDIT,Income
UPI/CR/839472038/FREELANCE PAYMENT,Income
FREELANCE PAYMENT/IMPS29384728,Income
FREELANCE PAYMENT/TXN834729834,Income
ACH/FREELANCE PAYMENT,Income
ICICI/08JAN25/FREELANCE PAYMENT,Income
freelance payment,Income
SBI/FREELANCE PAYMENT,Income
UPI/DR/429384729/FREELANCE PAYMENT,Income
FREELANCE PAYMENT,Income
08JAN25/FREELANCE PAYMENT,Income
HDFC/FREELANCE PAYMENT,Income
FREELANCE*PAYMENT,Income
ICICI/22MAR25/INTEREST CREDIT,Income
interest credit,Income
INTEREST*CREDIT,Income
22MAR25/INTEREST CREDIT,Income
IMPS/INTEREST CREDIT,Income
INTEREST CREDIT/IMPS29384728,Income
INTEREST CREDIT,Income
UPI/DR/429384729/INTEREST CREDIT,Income
SBI/INTEREST CREDIT,Income
UPI/CR/839472038/INTEREST CREDIT,Income
INTEREST CREDIT/TXN834729834,Income
HDFC/INTEREST CREDIT,Income
ACH/DIVIDEND CREDIT,Income
SBI/DIVIDEND CREDIT,Income
05JUL25/DIVIDEND CREDIT,Income
DIVIDEND*CREDIT,Income
DIVIDEND CREDIT,Income
ICICI/05JUL25/DIVIDEND CREDIT,Income
HDFC/DIVIDEND CREDIT,Income
DIVIDEND CREDIT/TXN834729834,Income
UPI/DR/429384729/DIVIDEND CREDIT,Income
dividend credit,Income
DIVIDEND CREDIT/IMPS29384728,Income
UPI/CR/839472038/DIVIDEND CREDIT,Income
REFUND CREDIT AMAZON/TXN834729834,Income
refund credit amazon,Income
REFUND*CREDIT*AMAZON,Income
01APR25/REFUND CREDIT AMAZON,Income
ICICI/01APR25/REFUND CREDIT AMAZON,Income
REFUND CREDIT AMAZON,Income
SBI/REFUND CREDIT AMAZON,Income
UPI/CR/839472038/REFUND CREDIT AMAZON,Income
ECS/REFUND CREDIT AMAZON,Income
REFUND CREDIT AMAZON/IMPS29384728,Income
UPI/DR/429384729/REFUND CREDIT AMAZON,Income
HDFC/REFUND CREDIT AMAZON,Income
ICICI/10MAY25/CASHBACK CREDIT,Income
CASHBACK*CREDIT,Income
cashback credit,Income
SBI/CASHBACK CREDIT,Income
UPI/CR/839472038/CASHBACK CREDIT,Income
CASHBACK CREDIT/TXN834729834,Income
CASHBACK CREDIT,Income
NACH/CASHBACK CREDIT,Income
HDFC/CASHBACK CREDIT,Income
UPI/DR/429384729/CASHBACK CREDIT,Income
CASHBACK CREDIT/IMPS29384728,Income
10MAY25/CASHBACK CREDIT,Income
NEFT SALARY WIPRO,Income
SBI/NEFT SALARY WIPRO,Income
UPI/CR/839472038/NEFT SALARY WIPRO,Income
neft salary wipro,Income
01APR25/NEFT SALARY WIPRO,Income
NEFT SALARY WIPRO/TXN834729834,Income
HDFC/NEFT SALARY WIPRO,Income
NEFT*SALARY*WIPRO,Income
IMPS/NEFT SALARY WIPRO,Income
ICICI/01APR25/NEFT SALARY WIPRO,Income
UPI/DR/429384729/NEFT SALARY WIPRO,Income
NEFT SALARY WIPRO/IMPS29384728,Income
NEFT SALARY HCL,Income
UPI/CR/839472038/NEFT SALARY HCL,Income
HDFC/NEFT SALARY HCL,Income
UPI/DR/429384729/NEFT SALARY HCL,Income
NEFT SALARY HCL/IMPS29384728,Income
NEFT SALARY HCL/TXN834729834,Income
08JAN25/NEFT SALARY HCL,Income
IMPS/NEFT SALARY HCL,Income
ICICI/08JAN25/NEFT SALARY HCL,Income
NEFT*SALARY*HCL,Income
SBI/NEFT SALARY HCL,Income
neft salary hcl,Income
salary tcs credit,Income
UPI/DR/429384729/SALARY TCS CREDIT,Income
UPI/CR/839472038/SALARY TCS CREDIT,Income
SALARY TCS CREDIT,Income
08JAN25/SALARY TCS CREDIT,Income
SALARY TCS CREDIT/TXN834729834,Income
SBI/SALARY TCS CREDIT,Income
SALARY*TCS*CREDIT,Income
SALARY TCS CREDIT/IMPS29384728,Income
IMPS/SALARY TCS CREDIT,Income
HDFC/SALARY TCS CREDIT,Income
ICICI/08JAN25/SALARY TCS CREDIT,Income
FD*INTEREST*CREDIT,Income
FD INTEREST CREDIT,Income
ICICI/20JUN25/FD INTEREST CREDIT,Income
FD INTEREST CREDIT/TXN834729834,Income
UPI/CR/839472038/FD INTEREST CREDIT,Income
HDFC/FD INTEREST CREDIT,Income
SBI/FD INTEREST CREDIT,Income
IMPS/FD INTEREST CREDIT,Income
fd interest credit,Income
FD INTEREST CREDIT/IMPS29384728,Income
20JUN25/FD INTEREST CREDIT,Income
UPI/DR/429384729/FD INTEREST CREDIT,Income
SAVINGS INTEREST/IMPS29384728,Income
ICICI/05JUL25/SAVINGS INTEREST,Income
UPI/CR/839472038/SAVINGS INTEREST,Income
IMPS/SAVINGS INTEREST,Income
SAVINGS INTEREST/TXN834729834,Income
savings interest,Income
HDFC/SAVINGS INTEREST,Income
SAVINGS*INTEREST,Income
UPI/DR/429384729/SAVINGS INTEREST,Income
SBI/SAVINGS INTEREST,Income
SAVINGS INTEREST,Income
05JUL25/SAVINGS INTEREST,Income
NEFT SALARY ACCENTURE/TXN834729834,Income
NEFT*SALARY*ACCENTURE,Income
22MAR25/NEFT SALARY ACCENTURE,Income
neft salary accenture,Income
NEFT SALARY ACCENTURE/IMPS29384728,Income
IMPS/NEFT SALARY ACCENTURE,Income
UPI/CR/839472038/NEFT SALARY ACCENTURE,Income
UPI/DR/429384729/NEFT SALARY ACCENTURE,Income
SBI/NEFT SALARY ACCENTURE,Income
HDFC/NEFT SALARY ACCENTURE,Income
NEFT SALARY ACCENTURE,Income
ICICI/22MAR25/NEFT SALARY ACCENTURE,Income
UPI-SWIGGY-1,Food
UPI-SWIGGY-2,Food
UBER RIDE 1,Travel
OLA CAB 2,Travel
AMAZON ORDER 1,Shopping
FLIPKART ORDER 2,Shopping
AIRTEL BILL,Bills
NETFLIX SUBS,Entertainment
SPOTIFY SUBS,Entertainment
PHARMACY BILL,Health
HOSPITAL VISIT,Health
HDFC SALARY MAR,Income
AXIS SALARY APR,Income
MUTUAL FUND SIP,Investments
STOCK PURCHASE,Investments
SELF TRANSFER AC,Transfers
FUNDS TO FAMILY,Transfers
Swiggy order,Food
Zomato delivery,Food
McDonald's,Food
Pizza Hut order,Food
restaurant dinner,Food
cafe coffee,Food
grocery store,Food
Big Basket order,Food
Dunzo groceries,Food
Starbucks coffee,Food
biryani order,Food
uber eats,Food
lunch at office canteen,Food
dinner party,Food
milk and bread,Food
Ola cab,Travel
Uber ride,Travel
flight ticket,Travel
train ticket IRCTC,Travel
hotel booking,Travel
Airbnb stay,Travel
bus ticket,Travel
auto rickshaw,Travel
rapido bike,Travel
airport taxi,Travel
petrol fill,Travel
toll charge,Travel
Amazon purchase,Shopping
Flipkart order,Shopping
Myntra clothes,Shopping
AJIO shopping,Shopping
Nykaa beauty,Shopping
book purchase,Shopping
H&M clothing,Shopping
Zara shopping,Shopping
mall shopping,Shopping
Nike shoes,Shopping
electronics purchase,Shopping
mobile phone accessories,Shopping
furniture purchase,Shopping
home decor item,Shopping
electricity bill,Bills
wifi internet bill,Bills
water bill,Bills
gas cylinder,Bills
house rent,Bills
credit card bill,Bills
phone recharge,Bills
broadband bill,Bills
insurance premium,Bills
society maintenance,Bills
Netflix subscription,Entertainment
Spotify premium,Entertainment
movie tickets,Entertainment
BookMyShow,Entertainment
gaming purchase,Entertainment
Amazon Prime,Entertainment
Disney+ Hotstar,Entertainment
concert tickets,Entertainment
amusement park,Entertainment
video game,Entertainment
doctor consultation,Health
pharmacy medicines,Health
hospital bill,Health
gym membership,Health
yoga class,Health
dental appointment,Health
pathology test,Health
health insurance,Health
eye checkup,Health
nutritionist fee,Health
miscellaneous purchase,Other
ATM withdrawal,Other
charity donation,Other
gift purchase,Other
stationery items,Other
MOI TECHNOL SUBSCHARGE,Bills
RIPPLEFLOW CONSULTING LLP,Income
AURAGOLD CASHFREE MANDATE,Investments
APY CONTRI,Investments
M/S LACHU,Food
OXYGEN FUELS,Travel
SAARAL BAKERY,Food
